coverage_id,source_page_start,source_page_end,section_number,heading,item_type,treatment,owner_key,render_location,readiness_check,status,review_note
COV-001,1,1,,Document title page (DOC.4 - Standard Tender Documents for Procurement of Goods),cover_block,Not used by this released pattern,,"Excluded from complete_tender.html (this page is the STD master's own title page, not the issued Tender)",N/A - page is discarded during curation,Reviewed,"Guideline 6 (page 5 of source, Appendix to the Preface): 'The Cover Page of this document, the Preface, Guidelines or notes to users ... should not be part of the tender Document to be issued to Tenderers.' Guideline 2(a) confirms the issued document starts at the NAME/LOGO/ADDRESS identification page, not this title page."
COV-002,2,4,,Table of Contents,cover_block,Not used by this released pattern,,"Excluded from complete_tender.html (front matter of the master STD, not the issued Tender); KenTender's rendered Tender uses its own section order per STD-TPL-001 S11",N/A - page is discarded during curation,Reviewed,Guideline 6 groups this with the excluded 'Cover Page ... Guidelines or notes to users' front matter; no TDS/officer value renders a manual table of contents in this release.
COV-003,5,5,,Preface,cover_block,Not used by this released pattern,,Excluded from complete_tender.html,N/A - page is discarded during curation,Reviewed,Guideline 6 (page 5): 'the Preface ... should not be part of the tender Document to be issued to Tenderers.'
COV-004,6,7,,Appendix to the Preface - Guidelines for Preparation of Tender Documents (items 1-24),preparer_instruction,Not used by this released pattern,,Excluded from complete_tender.html,N/A - page is discarded during curation,Reviewed,"Guideline 6 (page 5): 'Guidelines or notes to users ... should not be part of the tender Document to be issued to Tenderers.' This block is PPRA guidance to the Procuring Entity preparing the STD, not Tenderer-facing content."
COV-005,8,8,,"Tender identification cover page (NAME, LOGO AND ADDRESS OF THE PROCURING ENTITY / NAME AND IDENTIFICATION OF TENDER)",cover_block,Generated,tender.reference; procuring_entity.name; tender.title,complete_tender.html cover page (first page of the issued Tender),Procuring Entity name and Tender title/reference are non-null and reconcile with the Requisition,Reviewed,"Guideline 2(a): the issued Tender Document 'shall start with the page titled This Page, NAME, LOGO AND ADDRESS OF THE PROCURING ENTITY, NAME AND IDENTIFICATION OF TENDER'."
COV-006,9,10,,Invitation to Tender,heading,Generated,tender.reference; procuring_entity.name; procuring_entity.address; tender.title; tender.submission_deadline; tender.submission_electronic; tender.tender_security.*,invitation_to_tender.html - full notice (heading row),"All bracketed [insert] fields resolved from inherited Requisition facts, officer Task 1 decisions and the fixed release choices (national/international, electronic submission)",Reviewed,"Represents the separate Invitation notice as a whole. Reclassified 2026-08-28 per STD-TPL-001 v0.3 S5.1/S11.1/S14 Pass 2 step 11: render_location moved from complete_tender.html to invitation_to_tender.html (separate publication notice, not part of the issued Tender document)."
COV-007,9,9,,Invitation to Tender - Procuring Entity and contract name/description [insert],blank,Inherited,procuring_entity.name; procuring_entity.address; tender.title,invitation_to_tender.html - opening paragraph (PE name / contract name),present in Requisition,Reviewed,"Reclassified 2026-08-28 per STD-TPL-001 v0.3 S5.1/S11.1/S14 Pass 2 step 11: render_location moved from complete_tender.html to invitation_to_tender.html (separate publication notice, not part of the issued Tender document)."
COV-008,9,9,,Invitation to Tender - open competitive method National/International [Select one],option_instruction,Not used by this released pattern,,"invitation_to_tender.html - method statement, fixed to 'National Open Tender' (S11.1 item 3)","N/A - rendered as fixed wording, no runtime choice",Reviewed,"Resolved 2026-08-28 (Pass 4): National Open Tender selected for Version 1.0 (matches the narrow domestic-equipment product scope and the single-currency KES KEBS fixture); International Tender wording rejected/removed per S6. Gate D remediation - review sweep: possible redundant phrasing risk flagged - invitation_to_tender.html/complete_tender.html combine a hardcoded ""National Open Tender"" label with {{ tender.procurement_method }}; if that field's value itself resolves to include ""Open Tender"" wording this could read redundantly (e.g. ""National Open Tender under the Open Tender method""). No fixture data available to confirm the actual rendered value. Judgement call for the template/data owner to confirm tender.procurement_method's value space, not fixed here."
COV-009,9,9,,Invitation to Tender - Reservation group eligibility clause [insert if applicable],option_instruction,Not used by this released pattern,,N/A - clause omitted from invitation_to_tender.html,N/A,Reviewed,"Reservation-group eligibility is not used by this released pattern (S2 binding decisions do not include margin of preference/reservation for V1.0 without separate reviewer approval). Reclassified 2026-08-28 per STD-TPL-001 v0.3 S5.1/S11.1/S14 Pass 2 step 11: render_location moved from complete_tender.html to invitation_to_tender.html (separate publication notice, not part of the issued Tender document)."
COV-010,9,9,,Invitation to Tender - Multiple contracts/lots clause [insert if applicable],option_instruction,Not used by this released pattern,,N/A - clause omitted from invitation_to_tender.html,N/A,Reviewed,"One award package only (S2); multiple-contracts/lots clause not used. Reclassified 2026-08-28 per STD-TPL-001 v0.3 S5.1/S11.1/S14 Pass 2 step 11: render_location moved from complete_tender.html to invitation_to_tender.html (separate publication notice, not part of the issued Tender document)."
COV-011,9,9,,Invitation to Tender - office hours for inspecting Tender Documents [insert],blank,Generated,platform.public_url; procuring_entity.contact_office,invitation_to_tender.html - electronic access paragraph (replaces physical office-hours wording),governed platform publication URL and PE clarification channel both present; missing data blocks publication,Reviewed,"Resolved 2026-08-28 (product owner): fixed electronic-access text sourced from governed platform/PE data (platform.publication_url, procuring_entity.clarification_channel). Not an officer field; missing governed data blocks publication. Reclassified 2026-08-28 per STD-TPL-001 v0.3 S5.1/S11.1/S14 Pass 2 step 11: render_location moved from complete_tender.html to invitation_to_tender.html (separate publication notice, not part of the issued Tender document). Gate C (2026-08-28): owner_key finalized to platform.public_url (reused for both e-Procurement address and electronic document access, no separate publication-URL field) and procuring_entity.contact_office (reused for the clarification channel, no new key)."
COV-012,9,9,,Invitation to Tender - non-refundable document fee / purchase instructions,option_instruction,Not used by this released pattern,,N/A - clause omitted from invitation_to_tender.html,N/A,Reviewed,"Electronic publication removes any non-refundable document-fee/purchase concept (S6 electronic submission). Reclassified 2026-08-28 per STD-TPL-001 v0.3 S5.1/S11.1/S14 Pass 2 step 11: render_location moved from complete_tender.html to invitation_to_tender.html (separate publication notice, not part of the issued Tender document)."
COV-013,9,9,,Invitation to Tender - electronic download and clarification particulars [insert website/email],blank,Inherited,procuring_entity.contact_office,invitation_to_tender.html - electronic access paragraph (S11.1 item 4: governed KenTender access address and submission channel),present in governed PE/platform data,Reviewed,"Reclassified 2026-08-28 per STD-TPL-001 v0.3 S5.1/S11.1/S14 Pass 2 step 11: render_location moved from complete_tender.html to invitation_to_tender.html (separate publication notice, not part of the issued Tender document)."
COV-014,9,9,,Invitation to Tender - Tender Security or Tender-Securing Declaration [insert] amount/currency,blank,Officer value,tender.tender_security.type; tender.tender_security.currency; tender.tender_security.amount,"invitation_to_tender.html - Tender-security summary (S11.1 item 7, rendered only when a security applies)",present in TDS and reconciles with Task 1,Reviewed,"Version 1.0 uses a Tender Security only (see COV-227/228/229 - Tender-Securing Declaration not used); wording narrowed accordingly at Pass 4. Reclassified 2026-08-28 per STD-TPL-001 v0.3 S5.1/S11.1/S14 Pass 2 step 11: render_location moved from complete_tender.html to invitation_to_tender.html (separate publication notice, not part of the issued Tender document)."
COV-015,9,9,,Invitation to Tender - submission deadline [insert time and date],blank,Officer value,tender.submission_deadline,invitation_to_tender.html - submission deadline (S11.1 item 6),"non-null, after issue date",Reviewed,"Reclassified 2026-08-28 per STD-TPL-001 v0.3 S5.1/S11.1/S14 Pass 2 step 11: render_location moved from complete_tender.html to invitation_to_tender.html (separate publication notice, not part of the issued Tender document)."
COV-016,9,9,,Invitation to Tender - Electronic Tenders will/will not be permitted [select],option_instruction,Not used by this released pattern,,N/A - fixed to electronic; no select-one instruction rendered,N/A,Reviewed,"S6: electronic submission is the fixed release choice; the source's will/will-not-permit selector is resolved, not rendered. Reclassified 2026-08-28 per STD-TPL-001 v0.3 S5.1/S11.1/S14 Pass 2 step 11: render_location moved from complete_tender.html to invitation_to_tender.html (separate publication notice, not part of the issued Tender document)."
COV-017,9,9,,Invitation to Tender - opening date/time and public opening statement,blank,Generated,tender.opening_datetime,"invitation_to_tender.html - folded into the submission-deadline paragraph (S11.1 item 6), not a separate item",equals submission deadline under the released immediate electronic opening rule,Reviewed,"Resolved 2026-08-28 (Pass 4): rendered together with the submission deadline as 'Submission deadline: ...; Electronic opening: Immediately thereafter', per S11.1's exact 8-item list (opening date/time is not a separate 9th item). tender.opening_datetime remains Generated per S7.3; detailed opening procedure stays in ITT clause 24 (Locked, complete_tender.html)."
COV-018,10,10,,Invitation to Tender - Address for obtaining information / purchasing documents block,blank,Not used by this released pattern,,N/A - superseded by the single governed electronic access channel,N/A - clause not rendered,Reviewed,"STD-TPL-001 v0.3 S11.1 item 4 collapses the print-era 'address for obtaining information/purchasing documents' into one governed electronic access address, already covered by COV-011/COV-013. A separate physical address block is not rendered."
COV-019,10,10,,Invitation to Tender - Address for Submission of Tenders block,blank,Not used by this released pattern,,N/A - superseded by the single governed electronic submission channel,N/A - clause not rendered,Reviewed,"STD-TPL-001 v0.3 S11.1 item 4 collapses the print-era 'address for submission of Tenders' into the single governed KenTender submission channel, already covered by COV-011/COV-013. A separate physical submission address is not rendered."
COV-020,10,10,,Invitation to Tender - Address for Opening of Tenders block,blank,Not used by this released pattern,,N/A - electronic opening has no physical venue,N/A - clause not rendered,Reviewed,"STD-TPL-001 v0.3 S6 (electronic submission and opening) and S7.3 (opening date/time is Generated, immediate electronic opening) mean there is no physical opening venue to name; opening date/time alone is covered by COV-017. A separate physical opening-address block is not rendered."
COV-021,10,10,,Invitation to Tender - Authorized Official name/designation/signature/date block,blank,Generated,tender.approval.official_name; tender.approval.official_title; tender.approval.approved_date; tender.approval.reference,invitation_to_tender.html - accountability/signature block (S11.1 item 8: authorised publication record or governed official block),"final Tender approval record has official name, title, approved date and authentication reference; missing data blocks publication",Reviewed,"Resolved 2026-08-28 (product owner): populate from the final Tender approval record (tender.approval.official_name/official_title/approved_date/reference), not a wet signature or officer field. Missing data blocks publication. Reclassified 2026-08-28 per STD-TPL-001 v0.3 S5.1/S11.1/S14 Pass 2 step 11: render_location moved from complete_tender.html to invitation_to_tender.html (separate publication notice, not part of the issued Tender document)."
COV-022,12,12,Section I,Section I - Instructions to Tenderers (heading and introductory note),heading,Locked,"Section I ITT heading and lead-in text, unmodified",complete_tender.html - Section I heading,"present verbatim, unedited",Reviewed,"Gate D remediation - review sweep: source_page_start/end corrected from 11 to 12 - the ""SECTION I: INSTRUCTIONS TO TENDERERS"" heading text is on source PDF page 12; page 11 contains only the ""PART 1 - TENDERING PROCEDURES"" divider. Rendered HTML content itself is correct and unaffected."
COV-023,12,12,Part A,General Provisions,subheading,Locked,"Section I ITT clause A full text, unmodified",complete_tender.html - Section I - Instructions to Tenderers,"present verbatim, unedited, cross-references to TDS/ITT resolve correctly",Reviewed,
COV-024,12,12,ITT 1,Scope of Tender,heading,Locked,"Section I ITT clause 1 full text, unmodified",complete_tender.html - Section I - Instructions to Tenderers,"present verbatim, unedited, cross-references to TDS/ITT resolve correctly",Reviewed,
COV-025,12,12,ITT 2,Fraud and Corruption,heading,Locked,"Section I ITT clause 2 full text, unmodified",complete_tender.html - Section I - Instructions to Tenderers,"present verbatim, unedited, cross-references to TDS/ITT resolve correctly",Reviewed,
COV-026,12,14,ITT 3,Eligible Tenderers,heading,Locked,"Section I ITT clause 3 full text, unmodified",complete_tender.html - Section I - Instructions to Tenderers,"present verbatim, unedited, cross-references to TDS/ITT resolve correctly",Reviewed,
COV-027,14,14,ITT 4,Eligible Goods and Related Services,heading,Locked,"Section I ITT clause 4 full text, unmodified",complete_tender.html - Section I - Instructions to Tenderers,"present verbatim, unedited, cross-references to TDS/ITT resolve correctly",Reviewed,
COV-028,14,14,Part B,Contents of Request for Tenders Document,subheading,Locked,"Section I ITT clause B full text, unmodified",complete_tender.html - Section I - Instructions to Tenderers,"present verbatim, unedited, cross-references to TDS/ITT resolve correctly",Reviewed,
COV-029,14,15,ITT 5,Sections of Tendering Document,heading,Locked,"Section I ITT clause 5 full text, unmodified",complete_tender.html - Section I - Instructions to Tenderers,"present verbatim, unedited, cross-references to TDS/ITT resolve correctly",Reviewed,
COV-030,15,15,ITT 6,Clarification of Tendering Document,heading,Locked,"Section I ITT clause 6 full text, unmodified",complete_tender.html - Section I - Instructions to Tenderers,"present verbatim, unedited, cross-references to TDS/ITT resolve correctly",Reviewed,
COV-031,15,15,ITT 7,Amendment of Tendering Document,heading,Locked,"Section I ITT clause 7 full text, unmodified",complete_tender.html - Section I - Instructions to Tenderers,"present verbatim, unedited, cross-references to TDS/ITT resolve correctly",Reviewed,
COV-032,15,15,Part C,Preparation of Tenders,subheading,Locked,"Section I ITT clause C full text, unmodified",complete_tender.html - Section I - Instructions to Tenderers,"present verbatim, unedited, cross-references to TDS/ITT resolve correctly",Reviewed,
COV-033,15,15,ITT 8,Cost of Tendering,heading,Locked,"Section I ITT clause 8 full text, unmodified",complete_tender.html - Section I - Instructions to Tenderers,"present verbatim, unedited, cross-references to TDS/ITT resolve correctly",Reviewed,
COV-034,15,16,ITT 9,Language of Tender,heading,Locked,"Section I ITT clause 9 full text, unmodified",complete_tender.html - Section I - Instructions to Tenderers,"present verbatim, unedited, cross-references to TDS/ITT resolve correctly",Reviewed,
COV-035,16,16,ITT 10,Documents Comprising the Tender,heading,Locked,"Section I ITT clause 10 full text, unmodified",complete_tender.html - Section I - Instructions to Tenderers,"present verbatim, unedited, cross-references to TDS/ITT resolve correctly",Reviewed,"Gate D remediation - review sweep: complete_tender.html line 146 (ITT 10.1(c)) reads ""Tender Security, in accordance with ITT 18.1"" while source reads ""Tender Security or Tender-Securing Declaration, in accordance with ITT 18.1"" - the ""or Tender-Securing Declaration"" alternative is correctly dropped since V1.0 uses Tender Security only (consistent with COV-014/COV-043/COV-227-229), but this row's treatment/readiness_check metadata overstates it as ""unmodified""/""verbatim"". Not a document defect; register metadata description could be tightened but content is correct as rendered."
COV-036,16,16,ITT 11,Form of Tender and Price Schedules,heading,Locked,"Section I ITT clause 11 full text, unmodified",complete_tender.html - Section I - Instructions to Tenderers,"present verbatim, unedited, cross-references to TDS/ITT resolve correctly",Reviewed,
COV-037,16,16,ITT 12,Alternative Tenders,heading,Locked,"Section I ITT clause 12 full text, unmodified",complete_tender.html - Section I - Instructions to Tenderers,"present verbatim, unedited, cross-references to TDS/ITT resolve correctly",Reviewed,
COV-038,16,17,ITT 13,Tender Prices and Discounts,heading,Locked,"Section I ITT clause 13 full text, unmodified",complete_tender.html - Section I - Instructions to Tenderers,"present verbatim, unedited, cross-references to TDS/ITT resolve correctly",Reviewed,"Gate D remediation - review sweep: condensed-away paragraph found. complete_tender.html line 169 (ITT 13.5) drops the source's enforceable rule that a Tender submitted with an adjustable price quotation ""shall be treated as non-responsive and shall be rejected, pursuant to ITT 28,"" and drops the TDS-override/zero-adjustment fallback mechanics, in favour of a plain ""Prices shall not be adjustable for this Tender"" statement. This is a real content loss (a cross-referenced enforceable obligation, not decorative text), unlike the many other ""[Not applicable - see ITT X.Y]"" resolutions used consistently elsewhere. Flagged as a judgement call rather than auto-fixed because the exact restoration wording (how to phrase the ITT-28 non-responsiveness consequence alongside the fixed-price policy) should be confirmed by a reviewer, not assumed. See open_issues.md Gate D remediation - review sweep findings, item 39. Resolved 2026-08-28 (Gate D second-round decision): Restored ITT 13.5's non-responsiveness/rejection rule verbatim (#39): 'A Tender submitted with an adjustable price quotation shall be treated as non-responsive and shall be rejected, pursuant to ITT 28.' Retained the Version-1.0-specific 'Prices shall not be adjustable for this Tender' sentence alongside it."
COV-039,17,18,ITT 14,Currencies of Tender and Payment,heading,Locked,"Section I ITT clause 14 full text, unmodified",complete_tender.html - Section I - Instructions to Tenderers,"present verbatim, unedited, cross-references to TDS/ITT resolve correctly",Reviewed,"Gate D remediation - review sweep: complete_tender.html line 200 (ITT 14.2) keeps only ""The Tenderer shall quote in Kenya shillings,"" dropping the source's foreign-currency-option sentence (""If allowed in the TDS, the Tenderer may express the Tender price in any currency...""). Consistent with the documented single-KES-currency policy (cross-confirmed by the ITT 33.2(b) TDS row), so not a document defect - but this row's treatment metadata should be understood as an intentional condensation, not a verbatim carry-through."
COV-040,18,18,ITT 15,Documents Establishing the Eligibility and Conformity of the Goods and Related Services,heading,Locked,"Section I ITT clause 15 full text, unmodified",complete_tender.html - Section I - Instructions to Tenderers,"present verbatim, unedited, cross-references to TDS/ITT resolve correctly",Reviewed,"Gate D remediation - review sweep: confirmed correct application of the known ""Section VII should read Section V"" fix (source itself misnumbers this cross-reference in ITT 15.2/15.3/15.5); complete_tender.html correctly renders ""Section V, Schedule of Requirements"" in all instances in this row's range."
COV-041,18,18,ITT 16,Documents Establishing the Eligibility and Qualifications of the Tenderer,heading,Locked,"Section I ITT clause 16 full text, unmodified",complete_tender.html - Section I - Instructions to Tenderers,"present verbatim, unedited, cross-references to TDS/ITT resolve correctly",Reviewed,
COV-042,18,19,ITT 17,Period of Validity of Tenders,heading,Locked,"Section I ITT clause 17 full text, unmodified",complete_tender.html - Section I - Instructions to Tenderers,"present verbatim, unedited, cross-references to TDS/ITT resolve correctly",Reviewed,
COV-043,19,19,ITT 18,Tender Security,heading,Locked,"Section I ITT clause 18 full text, unmodified",complete_tender.html - Section I - Instructions to Tenderers,"present verbatim, unedited, cross-references to TDS/ITT resolve correctly",Reviewed,"ITT 18.3 (source page 21) lists five legally permitted Tender Security instruments at the Tenderer's option: cash, bank guarantee, insurance-company guarantee (registered/licensed by the Insurance Regulatory Authority), letter of credit, and guarantee by a deposit-taking micro-finance institution/Sacco/YEDF/WEF. Section IV only publishes bespoke forms for two of these (Demand Bank Guarantee, Insurance Guarantee - see COV-224/COV-226); the source itself provides no bespoke form for cash, letter of credit, or micro-finance/Sacco/YEDF/WEF guarantees (these follow the instrument issuer's own format or a simple deposit, not a PPRA-published template). See open_issues.md Pass 2 item 10 follow-up."
COV-044,19,20,ITT 19,Format and Signing of Tender,heading,Locked,"Section I ITT clause 19 full text, unmodified",complete_tender.html - Section I - Instructions to Tenderers,"present verbatim, unedited, cross-references to TDS/ITT resolve correctly",Reviewed,
COV-045,20,20,Part D,Submission and Opening of Tenders,subheading,Locked,"Section I ITT clause D full text, unmodified",complete_tender.html - Section I - Instructions to Tenderers,"present verbatim, unedited, cross-references to TDS/ITT resolve correctly",Reviewed,
COV-046,20,20,ITT 20,Sealing and Marking of Tenders,heading,Locked,"Section I ITT clause 20 full text, unmodified",complete_tender.html - Section I - Instructions to Tenderers,"present verbatim, unedited, cross-references to TDS/ITT resolve correctly",Reviewed,
COV-047,20,21,ITT 21,Deadline for Submission of Tenders,heading,Locked,"Section I ITT clause 21 full text, unmodified",complete_tender.html - Section I - Instructions to Tenderers,"present verbatim, unedited, cross-references to TDS/ITT resolve correctly",Reviewed,
COV-048,21,21,ITT 22,Late Tenders,heading,Locked,"Section I ITT clause 22 full text, unmodified",complete_tender.html - Section I - Instructions to Tenderers,"present verbatim, unedited, cross-references to TDS/ITT resolve correctly",Reviewed,
COV-049,21,21,ITT 23,"Withdrawal, Substitution, and Modification of Tenders",heading,Locked,"Section I ITT clause 23 full text, unmodified",complete_tender.html - Section I - Instructions to Tenderers,"present verbatim, unedited, cross-references to TDS/ITT resolve correctly",Reviewed,
COV-050,21,22,ITT 24,Tender Opening,heading,Locked,"Section I ITT clause 24 full text, unmodified",complete_tender.html - Section I - Instructions to Tenderers,"present verbatim, unedited, cross-references to TDS/ITT resolve correctly",Reviewed,"Gate D remediation - review sweep: real content substitution found in ITT 24.6. Source requires the Form of Tender and Bills-of-Quantities pages to be initialled by the tender-opening committee, with the number of Procuring-Entity signatories fixed by the TDS. complete_tender.html line 290 instead renders ""the record of the Tender opening shall be signed by the members of the tender opening committee attending the opening,"" which duplicates/conflates with the separately and correctly rendered ITT 24.9 concept (Tenderers' representatives signing ""the record""), and drops the TDS-specified signatory-count requirement entirely with no replacement. Flagged as a judgement call (electronic-equivalent wording needs reviewer confirmation, since there is no physical Form of Tender/BOQ to initial in an all-electronic flow) rather than auto-fixed. See open_issues.md Gate D remediation - review sweep findings, item 40. Resolved 2026-08-28 (Gate D second-round decision): ITT 24.6 rewritten to the electronic equivalent per product-owner decision, citing PPADA s.78 (#40): all appointed Tender Opening Committee members (not less than three) electronically authenticate each Tender's opening record and the final opening minutes. Fixed at 'not less than three', not a TDS-configurable signatory count."
COV-051,22,22,Part E,Evaluation and Comparison of Tenders,subheading,Locked,"Section I ITT clause E full text, unmodified",complete_tender.html - Section I - Instructions to Tenderers,"present verbatim, unedited, cross-references to TDS/ITT resolve correctly",Reviewed,
COV-052,22,22,ITT 25,Confidentiality,heading,Locked,"Section I ITT clause 25 full text, unmodified",complete_tender.html - Section I - Instructions to Tenderers,"present verbatim, unedited, cross-references to TDS/ITT resolve correctly",Reviewed,
COV-053,22,22,ITT 26,Clarification of Tenders,heading,Locked,"Section I ITT clause 26 full text, unmodified",complete_tender.html - Section I - Instructions to Tenderers,"present verbatim, unedited, cross-references to TDS/ITT resolve correctly",Reviewed,
COV-054,22,22,ITT 27,"Deviations, Reservations, and Omissions",heading,Locked,"Section I ITT clause 27 full text, unmodified",complete_tender.html - Section I - Instructions to Tenderers,"present verbatim, unedited, cross-references to TDS/ITT resolve correctly",Reviewed,
COV-055,22,23,ITT 28,Determination of Responsiveness,heading,Locked,"Section I ITT clause 28 full text, unmodified",complete_tender.html - Section I - Instructions to Tenderers,"present verbatim, unedited, cross-references to TDS/ITT resolve correctly",Reviewed,"Gate D remediation - review sweep: ITT 28.1 (Determination of Responsiveness) dropped the definition sentence ""A substantially responsive Tender is one that meets the requirements of the tendering document without material deviation, reservation, or omission."" Unambiguous, low-risk, source-verbatim fix - restored directly in complete_tender.html."
COV-056,23,23,ITT 29,"Non-conformities, Errors and Omissions",heading,Locked,"Section I ITT clause 29 full text, unmodified",complete_tender.html - Section I - Instructions to Tenderers,"present verbatim, unedited, cross-references to TDS/ITT resolve correctly",Reviewed,
COV-057,23,23,ITT 30,Correction of Arithmetical Errors,heading,Locked,"Section I ITT clause 30 full text, unmodified",complete_tender.html - Section I - Instructions to Tenderers,"present verbatim, unedited, cross-references to TDS/ITT resolve correctly",Reviewed,
COV-058,23,23,ITT 31,Conversion to Single Currency,heading,Locked,"Section I ITT clause 31 full text, unmodified",complete_tender.html - Section I - Instructions to Tenderers,"present verbatim, unedited, cross-references to TDS/ITT resolve correctly",Reviewed,
COV-059,24,24,ITT 32,Margin of Preference and Reservations,heading,Locked,"Section I ITT clause 32 full text, unmodified",complete_tender.html - Section I - Instructions to Tenderers,"present verbatim, unedited, cross-references to TDS/ITT resolve correctly",Reviewed,
COV-060,24,25,ITT 33,Evaluation of Tenders,heading,Locked,"Section I ITT clause 33 full text, unmodified",complete_tender.html - Section I - Instructions to Tenderers,"present verbatim, unedited, cross-references to TDS/ITT resolve correctly",Reviewed,"Gate D remediation - review sweep: ITT 33.5 (Evaluation of Tenders, tax treatment) condenses away the source's a)/b) split distinguishing Kenya-manufactured-goods sales tax from imported-goods customs/import duties - a real content loss relevant to an IT-equipment tender likely to include imported hardware. See open_issues.md Gate D remediation - review sweep findings, item 41. Resolved 2026-08-28 (Gate D second-round decision): Restored the Kenya-manufactured vs. imported tax/duty distinction (#41) via the unified Price Schedule - Goods table's Import status and applicable duty/tax columns, rather than three separate officer-configurable schedules."
COV-061,25,25,ITT 34,Comparison of Tenders,heading,Locked,"Section I ITT clause 34 full text, unmodified",complete_tender.html - Section I - Instructions to Tenderers,"present verbatim, unedited, cross-references to TDS/ITT resolve correctly",Reviewed,
COV-062,25,25,ITT 35,Abnormally Low Tenders,heading,Locked,"Section I ITT clause 35 full text, unmodified",complete_tender.html - Section I - Instructions to Tenderers,"present verbatim, unedited, cross-references to TDS/ITT resolve correctly",Reviewed,
COV-063,25,25,ITT 36,Abnormally High Tenders,heading,Locked,"Section I ITT clause 36 full text, unmodified",complete_tender.html - Section I - Instructions to Tenderers,"present verbatim, unedited, cross-references to TDS/ITT resolve correctly",Reviewed,
COV-064,26,26,ITT 37,Post-Qualification of the Tenderer,heading,Locked,"Section I ITT clause 37 full text, unmodified",complete_tender.html - Section I - Instructions to Tenderers,"present verbatim, unedited, cross-references to TDS/ITT resolve correctly",Reviewed,
COV-065,26,26,ITT 38,Lowest Evaluated Tender,heading,Locked,"Section I ITT clause 38 full text, unmodified",complete_tender.html - Section I - Instructions to Tenderers,"present verbatim, unedited, cross-references to TDS/ITT resolve correctly",Reviewed,
COV-066,26,26,ITT 39,"Procuring Entity's Right to Accept Any Tender, and to Reject Any or All Tenders",heading,Locked,"Section I ITT clause 39 full text, unmodified",complete_tender.html - Section I - Instructions to Tenderers,"present verbatim, unedited, cross-references to TDS/ITT resolve correctly",Reviewed,
COV-067,26,26,Part F,Award of Contract,subheading,Locked,"Section I ITT clause F full text, unmodified",complete_tender.html - Section I - Instructions to Tenderers,"present verbatim, unedited, cross-references to TDS/ITT resolve correctly",Reviewed,
COV-068,26,26,ITT 40,Award Criteria,heading,Locked,"Section I ITT clause 40 full text, unmodified",complete_tender.html - Section I - Instructions to Tenderers,"present verbatim, unedited, cross-references to TDS/ITT resolve correctly",Reviewed,
COV-069,26,26,ITT 41,Procuring Entity's Right to Vary Quantities at Time of Award,heading,Locked,"Section I ITT clause 41 full text, unmodified",complete_tender.html - Section I - Instructions to Tenderers,"present verbatim, unedited, cross-references to TDS/ITT resolve correctly",Reviewed,
COV-070,26,26,ITT 42,Notice of Intention to Enter into a Contract,heading,Locked,"Section I ITT clause 42 full text, unmodified",complete_tender.html - Section I - Instructions to Tenderers,"present verbatim, unedited, cross-references to TDS/ITT resolve correctly",Reviewed,
COV-071,26,27,ITT 43,Standstill Period,heading,Locked,"Section I ITT clause 43 full text, unmodified",complete_tender.html - Section I - Instructions to Tenderers,"present verbatim, unedited, cross-references to TDS/ITT resolve correctly",Reviewed,
COV-072,27,27,ITT 44,Debriefing by the Procuring Entity,heading,Locked,"Section I ITT clause 44 full text, unmodified",complete_tender.html - Section I - Instructions to Tenderers,"present verbatim, unedited, cross-references to TDS/ITT resolve correctly",Reviewed,
COV-073,27,27,ITT 45,Letter of Award,heading,Locked,"Section I ITT clause 45 full text, unmodified",complete_tender.html - Section I - Instructions to Tenderers,"present verbatim, unedited, cross-references to TDS/ITT resolve correctly",Reviewed,
COV-074,27,27,ITT 46,Signing of Contract,heading,Locked,"Section I ITT clause 46 full text, unmodified",complete_tender.html - Section I - Instructions to Tenderers,"present verbatim, unedited, cross-references to TDS/ITT resolve correctly",Reviewed,
COV-075,27,27,ITT 47,Performance Security,heading,Locked,"Section I ITT clause 47 full text, unmodified",complete_tender.html - Section I - Instructions to Tenderers,"present verbatim, unedited, cross-references to TDS/ITT resolve correctly",Reviewed,
COV-076,27,27,ITT 48,Publication of Procurement Contract,heading,Locked,"Section I ITT clause 48 full text, unmodified",complete_tender.html - Section I - Instructions to Tenderers,"present verbatim, unedited, cross-references to TDS/ITT resolve correctly",Reviewed,
COV-077,27,27,ITT 49,Procurement Related Complaints and Administrative Review,heading,Locked,"Section I ITT clause 49 full text, unmodified",complete_tender.html - Section I - Instructions to Tenderers,"present verbatim, unedited, cross-references to TDS/ITT resolve correctly",Reviewed,
COV-078,73,73,Section VI,Section VI - General Conditions of Contract (heading and introductory note),heading,Locked,"Section VI GCC heading and lead-in text, unmodified",complete_tender.html - Section VI heading,"present verbatim, unedited",Reviewed,
COV-079,73,73,GCC 1,Definitions,heading,Locked,"Section VI GCC clause 1 full text, unmodified",complete_tender.html - Section VI - General Conditions of Contract,"present verbatim, unedited, cross-references to SCC resolve correctly",Reviewed,
COV-080,73,74,GCC 2,Interpretation,heading,Locked,"Section VI GCC clause 2 full text, unmodified",complete_tender.html - Section VI - General Conditions of Contract,"present verbatim, unedited, cross-references to SCC resolve correctly",Reviewed,
COV-081,74,74,GCC 3,Contract Documents,heading,Locked,"Section VI GCC clause 3 full text, unmodified",complete_tender.html - Section VI - General Conditions of Contract,"present verbatim, unedited, cross-references to SCC resolve correctly",Reviewed,
COV-082,74,75,GCC 4,Fraud and Corruption,heading,Locked,"Section VI GCC clause 4 full text, unmodified",complete_tender.html - Section VI - General Conditions of Contract,"present verbatim, unedited, cross-references to SCC resolve correctly",Reviewed,
COV-083,75,75,GCC 5,Language,heading,Locked,"Section VI GCC clause 5 full text, unmodified",complete_tender.html - Section VI - General Conditions of Contract,"present verbatim, unedited, cross-references to SCC resolve correctly",Reviewed,
COV-084,75,75,GCC 6,"Joint Venture, Consortium or Association",heading,Locked,"Section VI GCC clause 6 full text, unmodified",complete_tender.html - Section VI - General Conditions of Contract,"present verbatim, unedited, cross-references to SCC resolve correctly",Reviewed,
COV-085,75,75,GCC 7,Eligibility,heading,Locked,"Section VI GCC clause 7 full text, unmodified",complete_tender.html - Section VI - General Conditions of Contract,"present verbatim, unedited, cross-references to SCC resolve correctly",Reviewed,
COV-086,75,75,GCC 8,Notices,heading,Locked,"Section VI GCC clause 8 full text, unmodified",complete_tender.html - Section VI - General Conditions of Contract,"present verbatim, unedited, cross-references to SCC resolve correctly",Reviewed,
COV-087,75,75,GCC 9,Governing Law,heading,Locked,"Section VI GCC clause 9 full text, unmodified",complete_tender.html - Section VI - General Conditions of Contract,"present verbatim, unedited, cross-references to SCC resolve correctly",Reviewed,
COV-088,75,77,GCC 10,Settlement of Disputes,heading,Locked,"Section VI GCC clause 10 full text, unmodified",complete_tender.html - Section VI - General Conditions of Contract,"present verbatim, unedited, cross-references to SCC resolve correctly",Reviewed,"Gate D remediation - review sweep: GCC 10.4 (Settlement of Disputes) dropped the sentence ""The place of arbitration shall be a location specified in the SCC; and"" ahead of the language-of-arbitration sentence. Unambiguous, low-risk, source-verbatim fix - restored directly in complete_tender.html."
COV-089,77,77,GCC 11,Inspections and Audit by the Procuring Entity,heading,Locked,"Section VI GCC clause 11 full text, unmodified",complete_tender.html - Section VI - General Conditions of Contract,"present verbatim, unedited, cross-references to SCC resolve correctly",Reviewed,
COV-090,77,77,GCC 12,Scope of Supply,heading,Locked,"Section VI GCC clause 12 full text, unmodified",complete_tender.html - Section VI - General Conditions of Contract,"present verbatim, unedited, cross-references to SCC resolve correctly",Reviewed,
COV-091,77,77,GCC 13,Delivery and Documents,heading,Locked,"Section VI GCC clause 13 full text, unmodified",complete_tender.html - Section VI - General Conditions of Contract,"present verbatim, unedited, cross-references to SCC resolve correctly",Reviewed,
COV-092,77,77,GCC 14,Supplier's Responsibilities,heading,Locked,"Section VI GCC clause 14 full text, unmodified",complete_tender.html - Section VI - General Conditions of Contract,"present verbatim, unedited, cross-references to SCC resolve correctly",Reviewed,
COV-093,77,78,GCC 15,Contract Price,heading,Locked,"Section VI GCC clause 15 full text, unmodified",complete_tender.html - Section VI - General Conditions of Contract,"present verbatim, unedited, cross-references to SCC resolve correctly",Reviewed,"Gate D remediation - review sweep: GCC 15.1 (Contract Price) replaced the source's specific ""any price adjustments authorized in the SCC"" with vague ""any price adjustment authorized under the applicable clauses of the Contract,"" obscuring where a reader must look for the authorization. Unambiguous, low-risk, source-verbatim fix - restored directly in complete_tender.html."
COV-094,78,78,GCC 16,Terms of Payment,heading,Locked,"Section VI GCC clause 16 full text, unmodified",complete_tender.html - Section VI - General Conditions of Contract,"present verbatim, unedited, cross-references to SCC resolve correctly",Reviewed,"Any general GCC advance-payment language is kept as Locked conditional text (per GCC's own structure), but the operative SCC row (COV-251) must make advance payment explicitly inapplicable for Version 1.0 - see resolution recorded there and in open_issues.md Pass 2 item 9."
COV-095,78,78,GCC 17,Taxes and Duties,heading,Locked,"Section VI GCC clause 17 full text, unmodified",complete_tender.html - Section VI - General Conditions of Contract,"present verbatim, unedited, cross-references to SCC resolve correctly",Reviewed,
COV-096,78,78,GCC 18,Performance Security,heading,Locked,"Section VI GCC clause 18 full text, unmodified",complete_tender.html - Section VI - General Conditions of Contract,"present verbatim, unedited, cross-references to SCC resolve correctly",Reviewed,
COV-097,78,79,GCC 19,Copyright,heading,Locked,"Section VI GCC clause 19 full text, unmodified",complete_tender.html - Section VI - General Conditions of Contract,"present verbatim, unedited, cross-references to SCC resolve correctly",Reviewed,
COV-098,79,79,GCC 20,Confidential Information,heading,Locked,"Section VI GCC clause 20 full text, unmodified",complete_tender.html - Section VI - General Conditions of Contract,"present verbatim, unedited, cross-references to SCC resolve correctly",Reviewed,
COV-099,79,79,GCC 21,Subcontracting,heading,Locked,"Section VI GCC clause 21 full text, unmodified",complete_tender.html - Section VI - General Conditions of Contract,"present verbatim, unedited, cross-references to SCC resolve correctly",Reviewed,
COV-100,79,79,GCC 22,Specifications and Standards,heading,Locked,"Section VI GCC clause 22 full text, unmodified",complete_tender.html - Section VI - General Conditions of Contract,"present verbatim, unedited, cross-references to SCC resolve correctly",Reviewed,
COV-101,80,80,GCC 23,Packing and Documents,heading,Locked,"Section VI GCC clause 23 full text, unmodified",complete_tender.html - Section VI - General Conditions of Contract,"present verbatim, unedited, cross-references to SCC resolve correctly",Reviewed,
COV-102,80,80,GCC 24,Insurance,heading,Locked,"Section VI GCC clause 24 full text, unmodified",complete_tender.html - Section VI - General Conditions of Contract,"present verbatim, unedited, cross-references to SCC resolve correctly",Reviewed,
COV-103,80,80,GCC 25,Transportation and Incidental Services,heading,Locked,"Section VI GCC clause 25 full text, unmodified",complete_tender.html - Section VI - General Conditions of Contract,"present verbatim, unedited, cross-references to SCC resolve correctly",Reviewed,
COV-104,80,81,GCC 26,Inspections and Tests,heading,Locked,"Section VI GCC clause 26 full text, unmodified",complete_tender.html - Section VI - General Conditions of Contract,"present verbatim, unedited, cross-references to SCC resolve correctly",Reviewed,
COV-105,81,81,GCC 27,Liquidated Damages,heading,Locked,"Section VI GCC clause 27 full text, unmodified",complete_tender.html - Section VI - General Conditions of Contract,"present verbatim, unedited, cross-references to SCC resolve correctly",Reviewed,
COV-106,81,81,GCC 28,Warranty,heading,Locked,"Section VI GCC clause 28 full text, unmodified",complete_tender.html - Section VI - General Conditions of Contract,"present verbatim, unedited, cross-references to SCC resolve correctly",Reviewed,"Gate D remediation - review sweep: GCC 28.3 Warranty replaces the source's literal default period text (twelve/eighteen months, whichever concludes earlier) with generic ""the period specified in the SCC,"" resolved via a per-item warranty table fed by item.minimum_warranty in the SCC section. Functionally coherent but conflicts with this row's ""Locked/unmodified"" treatment metadata. See open_issues.md Gate D remediation - review sweep findings, item 37. Resolved 2026-08-28 (Gate D second-round decision): Restored GCC 28.3's literal default warranty period (12/18 months) verbatim; the SCC per-item warranty table (fed by item.minimum_warranty) stands as the express SCC override contemplated by 'unless otherwise specified in the SCC' (#37). Row treatment/readiness_check corrected to reflect this is Locked verbatim text with an SCC override, not an adapted paraphrase."
COV-107,82,82,GCC 29,Patent Indemnity,heading,Locked,"Section VI GCC clause 29 full text, unmodified",complete_tender.html - Section VI - General Conditions of Contract,"present verbatim, unedited, cross-references to SCC resolve correctly",Reviewed,
COV-108,82,82,GCC 30,Limitation of Liability,heading,Locked,"Section VI GCC clause 30 full text, unmodified",complete_tender.html - Section VI - General Conditions of Contract,"present verbatim, unedited, cross-references to SCC resolve correctly",Reviewed,
COV-109,82,83,GCC 31,Change in Laws and Regulations,heading,Locked,"Section VI GCC clause 31 full text, unmodified",complete_tender.html - Section VI - General Conditions of Contract,"present verbatim, unedited, cross-references to SCC resolve correctly",Reviewed,
COV-110,83,83,GCC 32,Force Majeure,heading,Locked,"Section VI GCC clause 32 full text, unmodified",complete_tender.html - Section VI - General Conditions of Contract,"present verbatim, unedited, cross-references to SCC resolve correctly",Reviewed,
COV-111,83,84,GCC 33,Change Orders and Contract Amendments,heading,Locked,"Section VI GCC clause 33 full text, unmodified",complete_tender.html - Section VI - General Conditions of Contract,"present verbatim, unedited, cross-references to SCC resolve correctly",Reviewed,"Gate D remediation - review sweep: GCC 33.5 Value Engineering benefits list dropped enumerated item (c) ""improve the quality, efficiency or sustainability of the Goods,"" jumping from (b) directly to (d) - confirmed by the surviving ""(d)"" label with no ""(c)"". Unambiguous, low-risk, source-verbatim fix - applied directly to complete_tender.html line 1333 (restored the missing ""(c)"" clause)."
COV-112,84,84,GCC 34,Extensions of Time,heading,Locked,"Section VI GCC clause 34 full text, unmodified",complete_tender.html - Section VI - General Conditions of Contract,"present verbatim, unedited, cross-references to SCC resolve correctly",Reviewed,
COV-113,84,85,GCC 35,Termination,heading,Locked,"Section VI GCC clause 35 full text, unmodified",complete_tender.html - Section VI - General Conditions of Contract,"present verbatim, unedited, cross-references to SCC resolve correctly",Reviewed,
COV-114,85,85,GCC 36,Assignment,heading,Locked,"Section VI GCC clause 36 full text, unmodified",complete_tender.html - Section VI - General Conditions of Contract,"present verbatim, unedited, cross-references to SCC resolve correctly",Reviewed,
COV-115,85,85,GCC 37,Export Restriction,heading,Locked,"Section VI GCC clause 37 full text, unmodified",complete_tender.html - Section VI - General Conditions of Contract,"present verbatim, unedited, cross-references to SCC resolve correctly",Reviewed,
COV-116,28,28,Section II,Section II - Tender Data Sheet (TDS) heading and lead-in note,heading,Generated,tds.* (rendered as a whole from S7 inherited/officer/generated values),complete_tender.html - Section II heading,"every ITT-referenced TDS row below is resolved, none left blank",Reviewed,
COV-117,28,31,Section II,TDS row - ITT 1.1: Reference number of the Invitation for Tenders / PE name / Contract name / lots,blank,Generated,tender.reference; procuring_entity.name; tender.title,complete_tender.html - Section II - Tender Data Sheet,one award package fixed per S2/S6; lot count not rendered as a choice,Reviewed,
COV-118,28,31,Section II,TDS row - ITT 1.2(a): Electronic-Procurement System name/address and managed aspects,blank,Generated,platform.name; platform.public_url,TDS ITT 1.2(a) - e-Procurement system identity and functional description,"governed platform name and canonical public URL present; functional description is fixed reviewed template text (Locked), revised only via a later template release; missing platform identity/URL blocks publication",Reviewed,"Resolved 2026-08-28 (product owner): render from governed platform configuration (name: KenTender; canonical public URL for current deployment) plus fixed, reviewed wording describing only the electronic functions actually supported for this Tender pattern. Not officer-editable, not dynamically generated - the functional description text itself is Locked and changes only through a template revision."
COV-119,28,31,Section II,TDS row - ITT 2.3: Information on competing firms with unfair advantage / consulting firms,blank,Not used by this released pattern,,complete_tender.html - Section II - Tender Data Sheet,N/A - clause not rendered,Reviewed,"S7.2 has no such value; this narrow product template excludes complex consulting-conflict disclosures. GCC/ITT text on unfair competitive advantage (ITT2.3) is retained as Locked wording, but the TDS free-text disclosure blank is not populated in this release."
COV-120,28,31,Section II,TDS row - ITT 3.1: Maximum number of members in a Joint Venture,blank,Officer value,,"complete_tender.html - Section II TDS, ITT 3.1 row (fixed text)",fixed text present verbatim,Reviewed,"STD-TPL-001 S9.2: 'joint-venture information only when permitted and used.' This first release's fixture and officer tasks (S7, S13) carry no JV decision, so the JV member-cap blank is not completed. Gate D remediation - review sweep: the retained ITT 3.1 body clause (complete_tender.html line 61) states ""The maximum number of JV members shall be specified in the TDS,"" but no such TDS row exists in this release, so the document promises information the TDS never delivers. See open_issues.md Gate D remediation - review sweep findings, item 38. Resolved 2026-08-28 (Gate D second-round decision): No JV member cap for Version 1.0 (#38): TDS ITT 3.1 row added with fixed text 'No maximum number of Joint Venture members is prescribed.' Not an officer-configurable field. Treatment changed from 'Not used' to reflect the row is now active (fixed TDS content)."
COV-121,28,31,Section II,TDS row - ITT 3.7: Debarred firms and individuals list reference (PPRA website),blank,Locked,Section II TDS - fixed PPRA website reference,complete_tender.html - Section II - Tender Data Sheet,"present verbatim, unedited",Reviewed,
COV-122,28,31,Section II,TDS row - ITT 3.11: Tenderer registration requirements in Kenya,blank,Locked,,TDS ITT 3.11 - fixed 'not applicable' statement,fixed text present verbatim; no per-tender variation,Reviewed,"Resolved 2026-08-28 (product owner): render as fixed Locked text - 'Not applicable. No category-specific registration authority is required for this Tender.' No officer field, no registration-authority reference-data model. Ordinary company registration/tax compliance/supplier eligibility are handled under their own eligibility requirements, not this clause. A future Goods template requiring a named regulator would need this as reviewed Locked text in that template version."
COV-123,28,31,Section II,TDS row - ITT 6.1: Address for clarification enquiries and deadline; response publication website,blank,Inherited,procuring_entity.contact_office; tender.clarification_deadline,complete_tender.html - Section II - Tender Data Sheet,present in governed PE/platform data and Task 1,Reviewed,
COV-124,28,31,Section II,"TDS row - ITT 6.2: Pre-tender conference held/not held, date, location",blank,Officer value,tender.pre_tender_meeting.enabled; tender.pre_tender_meeting.details,complete_tender.html - Section II - Tender Data Sheet,present in TDS when enabled,Reviewed,
COV-125,28,31,Section II,TDS row - ITT 6.3: Deadline for questions before pre-tender meeting,blank,Generated,tender.pre_tender_meeting.details,complete_tender.html - Section II - Tender Data Sheet,derived from pre-tender meeting date when enabled,Reviewed,
COV-126,28,31,Section II,TDS row - ITT 6.5: Website where pre-tender meeting minutes are published,blank,Inherited,procuring_entity.contact_office,complete_tender.html - Section II - Tender Data Sheet,sourced from governed PE/platform data,Reviewed,
COV-127,28,31,Section II,TDS row - ITT 10(j): Additional documents to be submitted with the Tender,blank,Not used by this released pattern,,complete_tender.html - Section II - Tender Data Sheet,N/A - clause not rendered,Reviewed,STD-TPL-001 S9.2 defines a closed baseline supplier package and S9.3 a finite evidence list; an open-ended 'additional documents' blank is not an approved Version 1.0 field.
COV-128,28,31,Section II,TDS row - ITT 12.1: Alternative Tenders shall/shall not be considered,blank,Not used by this released pattern,,complete_tender.html - Section II - Tender Data Sheet,N/A - clause not rendered,Reviewed,STD-TPL-001 S6: 'Alternative Tenders | Not permitted in this first pattern.' Rendered fixed to 'shall not'.
COV-129,28,31,Section II,TDS row - ITT 13.5: Prices shall/shall not be subject to adjustment,blank,Not used by this released pattern,,complete_tender.html - Section II - Tender Data Sheet,N/A - clause not rendered,Reviewed,STD-TPL-001 S6: 'Price adjustment | Prices fixed in this first pattern.' Rendered fixed to 'shall not'.
COV-130,28,31,Section II,TDS row - ITT 13.6: Minimum percentage of items/quantities per lot to be priced,blank,Not used by this released pattern,,complete_tender.html - Section II - Tender Data Sheet,N/A - clause not rendered,Reviewed,"Applies only to multi-lot tenders; S2 binding decision restricts this release to one award package, so lot-percentage wording does not apply."
COV-131,28,31,Section II,TDS row - ITT 13.8(a)(i)&(iii): Final destination point / project site,blank,Officer value,goods.destination,complete_tender.html - Section II - Tender Data Sheet,"present per goods row, Task 2",Reviewed,
COV-132,28,31,Section II,TDS row - ITT 13.8(b)(i): Named place of destination in Kenya (imported goods),blank,Officer value,goods.destination,complete_tender.html - Section II - Tender Data Sheet,"present per goods row, Task 2",Reviewed,
COV-133,28,31,Section II,TDS row - ITT 13.8(b)(ii): Inland transport/insurance price destination detail,blank,Officer value,goods.destination,complete_tender.html - Section II - Tender Data Sheet,"present per goods row, Task 2",Reviewed,
COV-134,28,31,Section II,TDS row - ITT 14.2: Foreign currency requirements allowed/not allowed,blank,Not used by this released pattern,,complete_tender.html - Section II - Tender Data Sheet,N/A - clause not rendered,Reviewed,STD-TPL-001 S2/S6: 'Tender currency: One' / 'Set the permitted Tender currency treatment and render it consistently.' Multiple currencies are not supported in this release.
COV-135,28,31,Section II,TDS row - ITT 15.4: Period the Goods are expected to be functioning (spare parts),blank,Officer value,goods.minimum_warranty,complete_tender.html - Section II - Tender Data Sheet,reuses the minimum warranty value; not a separate field,Reviewed,
COV-136,28,31,Section II,TDS row - ITT 16.2(a): Manufacturer's authorization required/not required,blank,Officer value,submission.manufacturer_authorisation_required,complete_tender.html - Section II - Tender Data Sheet,present in TDS Task 4,Reviewed,
COV-137,28,31,Section II,TDS row - ITT 16.2(b): After-sales service required/not required,blank,Officer value,submission.after_sales_support_required,complete_tender.html - Section II - Tender Data Sheet,present in TDS Task 4,Reviewed,
COV-138,28,31,Section II,TDS row - ITT 17.1: Tender validity period in days,blank,Officer value,tender.validity_days,complete_tender.html - Section II - Tender Data Sheet,"non-null, multiple of seven",Reviewed,
COV-139,28,31,Section II,TDS row - ITT 17.3: Days beyond validity expiry / price adjustment percentages if award delayed,blank,Not used by this released pattern,,complete_tender.html - Section II - Tender Data Sheet,N/A - clause not rendered,Reviewed,"Depends on adjustable-price contracts; STD-TPL-001 S6 fixes prices as not adjustable for Version 1.0, so the price-adjustment-on-delay sub-clause is not populated."
COV-140,28,31,Section II,"TDS row - ITT 18.1: Tender Security or Tender-Securing Declaration required, amount and currency",blank,Officer value,tender.tender_security.type; tender.tender_security.currency; tender.tender_security.amount,complete_tender.html - Section II - Tender Data Sheet,"present in TDS Task 1, reconciles with the applicable official form",Reviewed,Updated 2026-08-28: Version 1.0 offers only the Tender Security path (see COV-227/228/229); the 'or Tender-Securing Declaration' alternative wording is removed from the rendered TDS text at Pass 4. Treatment/owner_key unchanged - amount and currency remain Officer value.
COV-141,28,31,Section II,TDS row - ITT 19.1: Number of copies of the Tender in addition to the original,blank,Not used by this released pattern,,complete_tender.html - Section II - Tender Data Sheet,N/A - clause not rendered,Reviewed,Applies to physical paper submission; STD-TPL-001 S6 removes physical-envelope instructions where they do not apply to KenTender's electronic submission service.
COV-142,28,31,Section II,TDS row - ITT 19.3: Written confirmation of authorization to sign on behalf of the Tenderer,blank,Supplier response,Tenderer Information Form / Form of Tender,complete_tender.html - Section II - Tender Data Sheet,supplier-provided authorisation document present,Reviewed,
COV-143,28,31,Section II,TDS row - ITT 20.3: Handling of a tender package too large for the tender box,blank,Not used by this released pattern,,complete_tender.html - Section II - Tender Data Sheet,N/A - clause not rendered,Reviewed,Physical tender-box handling does not apply under electronic submission (STD-TPL-001 S6).
COV-144,28,31,Section II,"TDS row - ITT 21.1: Tender submission address, attention, deadline date/time, electronic option",blank,Generated,tender.submission_deadline; procuring_entity.contact_office,complete_tender.html - Section II - Tender Data Sheet,deadline present in Task 1; address sourced from governed PE/platform data,Reviewed,
COV-145,28,31,Section II,"TDS row - ITT 24.1: Tender opening location, date/time, electronic opening procedure",blank,Generated,tender.opening_datetime,complete_tender.html - Section II - Tender Data Sheet,derived from submission deadline under the immediate electronic opening rule,Reviewed,
COV-146,28,31,Section II,TDS row - ITT 24.6: Number of Procuring Entity representatives to sign the opening record,blank,Not used by this released pattern,,complete_tender.html - Section II - Tender Data Sheet,N/A - clause not rendered,Reviewed,Physical countersignature-count convention does not apply to KenTender's electronic opening record.
COV-147,28,31,Section II,TDS row - ITT 29.3: Manner of rectifying quantifiable nonmaterial nonconformities,blank,Locked,Section II TDS - fixed released treatment wording,complete_tender.html - Section II - Tender Data Sheet,present verbatim per the released calculation/compliance rule,Reviewed,
COV-148,28,31,Section II,TDS row - ITT 31.1: Currency and exchange-rate source/date for Tender evaluation conversion,blank,Not used by this released pattern,,complete_tender.html - Section II - Tender Data Sheet,N/A - clause not rendered,Reviewed,"Only relevant when several Tender currencies are permitted; STD-TPL-001 S2/S6 fixes one currency, so no conversion rule is rendered."
COV-149,28,31,Section II,TDS row - ITT 32.3 / 32.5: Margin of preference/reservation application and eligible group,blank,Not used by this released pattern,,complete_tender.html - Section II - Tender Data Sheet,N/A - clause not rendered,Reviewed,"STD-TPL-001 S6: 'Margin of preference or reservation | Procurement/legal reviewer must approve the exact treatment before release; unsupported variants make a Requisition incompatible.' No approval exists for Version 1.0, so this row is not rendered."
COV-150,28,31,Section II,TDS row - ITT 33.2: Items/lots for which price evaluation will be done,blank,Generated,goods (all rows evaluated together; one award package),complete_tender.html - Section II - Tender Data Sheet,derived from the single goods/price schedule,Reviewed,
COV-151,28,31,Section II,TDS row - ITT 33.2(d): Additional evaluation factors,blank,Not used by this released pattern,,complete_tender.html - Section II - Tender Data Sheet,N/A - clause not rendered,Reviewed,"STD-TPL-001 S9.1: fixed four-stage pass/fail plus lowest-evaluated-price sequence, 'no weighted scoring screen and no criterion builder.'"
COV-152,28,31,Section II,"TDS row - ITT 33.6(a)-(g): Financial adjustment factors (delivery/payment deviation, spares, life-cycle cost, performance)",blank,Not used by this released pattern,,complete_tender.html - Section II - Tender Data Sheet,N/A - clause not rendered,Reviewed,STD-TPL-001 S9.1 fixes the evaluation model to pass/fail responsiveness plus lowest evaluated price; none of these optional financial-adjustment factors are part of the released evaluation sequence.
COV-153,28,31,Section II,TDS row - ITT 41.1: Maximum percentage quantities may be increased/decreased at award,blank,Not used by this released pattern,,complete_tender.html - Section II - Tender Data Sheet,N/A - clause not rendered,Reviewed,STD-TPL-001 S2 rejects several award packages/lots and does not authorise a quantity-variation-at-award officer field for Version 1.0; not in S7.
COV-154,28,31,Section II,TDS row - ITT 47.3: Performance security sum if required,blank,Officer value,contract.performance_security.percentage,complete_tender.html - Section II - Tender Data Sheet,"present in Task 5, TDS/SCC and the applicable form",Reviewed,
COV-155,28,31,Section II,TDS row - ITT 49.1: Procurement-related complaint contact particulars,blank,Inherited,procuring_entity.contact_office,complete_tender.html - Section II - Tender Data Sheet,"sourced from governed PE/platform data, not free text",Reviewed,
COV-156,32,32,Section III,Section III - Evaluation and Qualification Criteria (heading),heading,Locked,"Section III heading, unmodified",complete_tender.html - Section III heading,"present verbatim, unedited",Reviewed,
COV-157,32,32,Section III.1,General Provisions (exchange-rate rule; no criteria beyond this section),heading,Locked,"Section III.1 full text, unmodified",complete_tender.html - Section III - General Provisions,"present verbatim, unedited",Reviewed,
COV-158,32,33,Section III.2,Evaluation of Tenders (ITT 33) - Successful Tender criteria (2.1),heading,Locked,"Section III.2.1 fixed pass/fail and lowest-evaluated-cost wording, unmodified",complete_tender.html - Section III.2,"present verbatim, unedited",Reviewed,STD-TPL-001 S9.1 fixes this exact sequence (responsive + lowest evaluated cost); no weighted scoring or criterion builder.
COV-159,33,33,Section III.2.2,"Preliminary examination for Determination of Responsiveness, incl. [PE to provide preliminary evaluation criteria template]",preparer_instruction,Not used by this released pattern,,complete_tender.html - Section III.2.2 (rendered with the fixed submission/eligibility stage only),N/A - clause not rendered as an open template,Reviewed,STD-TPL-001 S9.1 fixes four stages (submission/eligibility; pass/fail technical; arithmetic/financial; award) with no PE-authored preliminary-criteria template or criterion builder.
COV-160,33,33,Section III.2.2.1,"Evaluation of Technical aspects of the Tender, incl. [PE to highlight specification details to be confirmed]",heading,Locked,"Section III.2.2.1 fixed pass/fail technical-compliance wording, unmodified",complete_tender.html - Section III.2.2.1,"supplier technical-compliance responses are collected against the published, approved technical specification (S8.4); no PE-authored highlight template is used",Reviewed,
COV-161,33,33,Section III.2.2.2,"Evaluation of Commercial Terms and Conditions (ITT 33.1(a)), incl. [PE to highlight contractual requirements]",heading,Locked,"Section III.2.2.2 fixed commercial-terms wording, unmodified",complete_tender.html - Section III.2.2.2,commercial terms evaluated against the fixed TDS/SCC values; no PE-authored highlight template is used,Reviewed,
COV-162,33,34,Section III.2.2.3,"Evaluation Criteria (Other Factors), ITT 33.6(a) - Delivery schedule adjustment factor [insert the adjustment factor]",option_instruction,Not used by this released pattern,,N/A - clause not rendered,N/A - clause not rendered,Reviewed,STD-TPL-001 S9.1: 'There is no weighted scoring screen and no criterion builder.' S6 fixes the evaluation model to pass/fail plus lowest evaluated price; none of the ITT 33.6 financial-adjustment factors are part of the released sequence.
COV-163,33,34,Section III.2.2.3,"Evaluation Criteria (Other Factors), ITT 33.6(b) - Deviation in payment schedule [insert one of the following]",option_instruction,Not used by this released pattern,,N/A - clause not rendered,N/A - clause not rendered,Reviewed,STD-TPL-001 S9.1: 'There is no weighted scoring screen and no criterion builder.' S6 fixes the evaluation model to pass/fail plus lowest evaluated price; none of the ITT 33.6 financial-adjustment factors are part of the released sequence.
COV-164,33,34,Section III.2.2.3,"Evaluation Criteria (Other Factors), ITT 33.6(c) - Cost of major replacement components/spare parts [insert one of the following]",option_instruction,Not used by this released pattern,,N/A - clause not rendered,N/A - clause not rendered,Reviewed,STD-TPL-001 S9.1: 'There is no weighted scoring screen and no criterion builder.' S6 fixes the evaluation model to pass/fail plus lowest evaluated price; none of the ITT 33.6 financial-adjustment factors are part of the released sequence.
COV-165,33,34,Section III.2.2.3,"Evaluation Criteria (Other Factors), ITT 33.6(d) - Availability in Kenya of spare parts and after-sales services adjustment",option_instruction,Not used by this released pattern,,N/A - clause not rendered,N/A - clause not rendered,Reviewed,STD-TPL-001 S9.1: 'There is no weighted scoring screen and no criterion builder.' S6 fixes the evaluation model to pass/fail plus lowest evaluated price; none of the ITT 33.6 financial-adjustment factors are part of the released sequence.
COV-166,33,34,Section III.2.2.3,"Evaluation Criteria (Other Factors), ITT 33.6(e) - Life cycle costs adjustment [insert methodology if applicable]",option_instruction,Not used by this released pattern,,N/A - clause not rendered,N/A - clause not rendered,Reviewed,STD-TPL-001 S9.1: 'There is no weighted scoring screen and no criterion builder.' S6 fixes the evaluation model to pass/fail plus lowest evaluated price; none of the ITT 33.6 financial-adjustment factors are part of the released sequence.
COV-167,33,34,Section III.2.2.3,"Evaluation Criteria (Other Factors), ITT 33.6(f) - Performance and productivity of equipment adjustment [insert one of the following]",option_instruction,Not used by this released pattern,,N/A - clause not rendered,N/A - clause not rendered,Reviewed,STD-TPL-001 S9.1: 'There is no weighted scoring screen and no criterion builder.' S6 fixes the evaluation model to pass/fail plus lowest evaluated price; none of the ITT 33.6 financial-adjustment factors are part of the released sequence.
COV-168,33,34,Section III.2.2.3,"Evaluation Criteria (Other Factors), ITT 33.6(g) - Specific additional criteria [insert if applicable]",option_instruction,Not used by this released pattern,,N/A - clause not rendered,N/A - clause not rendered,Reviewed,STD-TPL-001 S9.1: 'There is no weighted scoring screen and no criterion builder.' S6 fixes the evaluation model to pass/fail plus lowest evaluated price; none of the ITT 33.6 financial-adjustment factors are part of the released sequence.
COV-169,34,34,Section III.2.2.4,Multiple Contracts (ITT 33.4) - Option 1 / Option 2 award-by-lot methodology,option_instruction,Not used by this released pattern,,N/A - clause not rendered,N/A - clause not rendered,Reviewed,STD-TPL-001 S2 binding decision: 'Award package: One'; multiple-lot award options do not apply.
COV-170,34,34,Section III.2.2.5,Alternative Tenders evaluation methodology [insert one of the following],option_instruction,Not used by this released pattern,,N/A - clause not rendered,N/A - clause not rendered,Reviewed,STD-TPL-001 S6: 'Alternative Tenders | Not permitted in this first pattern.'
COV-171,34,35,Section III.3,"Margin of Preference (3.1, 3.2 Groups A/B/C and comparison methodology)",table,Not used by this released pattern,,N/A - clause not rendered,N/A - clause not rendered,Reviewed,STD-TPL-001 S6: 'Margin of preference or reservation | Procurement/legal reviewer must approve the exact treatment before release; unsupported variants make a Requisition incompatible.' No such approval exists for Version 1.0.
COV-172,35,35,Section III.4,"Post-Qualification of Tenderers (ITT 37) - heading, incl. [PE note: delete before issuing; prequalification not assumed]",preparer_instruction,Locked,Section III.4 heading and fixed 'no prior prequalification' assumption,complete_tender.html - Section III.4,present verbatim; PE authoring note removed from supplier-facing output,Reviewed,
COV-173,35,35,Section III.4.1,"Post-Qualification Criteria (ITT 37.1) - GO/NO GO basis, incl. [PE note: select requirements as relevant]",heading,Locked,"Section III.4.1 fixed methodology statement, unmodified",complete_tender.html - Section III.4.1,"present verbatim; the PE selection note is resolved by the finite evidence list in S7.2/S9.3, not an open criterion picker",Reviewed,
COV-174,35,36,Section III.4.2(a),If Tenderer is a manufacturer - Financial Capability (liquid assets / minimum annual turnover blanks),blank,Not used by this released pattern,,N/A - clause not rendered,N/A - clause not rendered,Reviewed,"STD-TPL-001 S7.2/S9.3 finite evidence list does not include a financial-capability (cash-flow or turnover) threshold; only manufacturer authorisation, datasheets, comparable experience, after-sales evidence and one justified additional item are supported."
COV-175,36,36,Section III.4.2(b),"If Tenderer is a manufacturer - Experience and Technical Capacity (comparable supply contracts, number and period)",blank,Officer value,submission.comparable_experience.count; submission.comparable_experience.period_years,complete_tender.html - Section III.4.2(b),"present in Task 4 when justified, matches STD-TPL-001 S7.2 'Comparable supply experience, if justified' and S13 fixture value (2 contracts in 5 years)",Reviewed,
COV-176,36,37,Section III.4.2(c),If Tenderer is a manufacturer - (Optional) Documentary Evidence of Usage of Goods,blank,Not used by this released pattern,,N/A - clause not rendered,N/A - clause not rendered,Reviewed,Not in the S7.2/S9.3 finite evidence list; overlaps with comparable supply experience already carried by that key.
COV-177,37,37,Section III.4.3,If Tenderer is a Supplier (not manufacturer) - Financial capability and experience thresholds,blank,Not used by this released pattern,,N/A - clause not rendered,N/A - clause not rendered,Reviewed,Financial-capability thresholds are not in the S7.2/S9.3 finite list; the supplier-path experience threshold duplicates the single comparable-experience key already covered under 4.2(b).
COV-178,37,37,Section III.4.4,History of non-performing contracts,blank,Not used by this released pattern,,N/A - clause not rendered,N/A - clause not rendered,Reviewed,Not in the STD-TPL-001 S7.2/S9.3 finite evidence list for this release.
COV-179,37,37,Section III.4.5,Pending Litigation,blank,Not used by this released pattern,,N/A - clause not rendered,N/A - clause not rendered,Reviewed,Not in the STD-TPL-001 S7.2/S9.3 finite evidence list for this release.
COV-180,37,37,Section III.4.6,Litigation History,blank,Not used by this released pattern,,N/A - clause not rendered,N/A - clause not rendered,Reviewed,Not in the STD-TPL-001 S7.2/S9.3 finite evidence list for this release.
COV-181,40,40,Section IV,Section IV - Tendering Forms (heading and forms index),heading,Locked,"Section IV heading, unmodified",complete_tender.html - Section IV heading,"present verbatim, unedited",Reviewed,
COV-182,40,42,Section IV,Form of Tender - instructions to Tenderers on preparation (i-iii),form,Locked,"Section IV - Form of Tender, instructions block",complete_tender.html - Section IV - Form of Tender,"present verbatim, unedited",Reviewed,"Gate D remediation - review sweep: source Form of Tender preparer instruction (i), ""All italicized text is to help the Tenderer in preparing this form,"" is not carried into the rendered instructions paragraph (complete_tender.html line 691); only instructions (ii)/(iii) survive, merged into one sentence. Row's readiness_check overstates this as ""present verbatim, unedited."" See open_issues.md Gate D remediation - review sweep findings, item 36. Resolved 2026-08-28 (Gate D second-round decision): Restored the 'All italicized text is to help the Tenderer in preparing this form' sentence per product-owner decision (#36)."
COV-183,40,40,Section IV,Form of Tender - Date of Tender submission [insert date],blank,Supplier response,Form of Tender,complete_tender.html - Section IV - Form of Tender,supplier-entered submission date present,Reviewed,
COV-184,40,40,Section IV,Form of Tender - Tender Name and Identification / To: Procuring Entity name,blank,Inherited,tender.title; tender.reference; procuring_entity.name,complete_tender.html - Section IV - Form of Tender,"prefilled from Tender identity, matches TDS",Reviewed,
COV-185,40,40,Section IV,Form of Tender - Alternative Tender identification No. [insert if applicable],option_instruction,Not used by this released pattern,,N/A - clause not rendered,N/A - clause not rendered,Reviewed,STD-TPL-001 S6: 'Alternative Tenders | Not permitted in this first pattern.'
COV-186,40,41,Section IV,Form of Tender clause (d) Conformity - goods/related services description [insert],blank,Generated,goods; related_services (delivery summary carried from Task 2 rows),complete_tender.html - Section IV - Form of Tender,matches the published Schedule of Requirements rows,Reviewed,
COV-187,41,41,Section IV,Form of Tender clause (e) Tender Price - Option 1 (one lot) / Option 2 (multiple lots),option_instruction,Supplier response,Form of Tender / Price Schedule (Option 1 rendered only),complete_tender.html - Section IV - Form of Tender,"one award package fixed per S2, so only the single-lot Option 1 wording is rendered",Reviewed,
COV-188,41,41,Section IV,Form of Tender clause (f) Discounts offered and calculation methodology,blank,Supplier response,Form of Tender,complete_tender.html - Section IV - Form of Tender,supplier-entered discount text present or 'none',Reviewed,
COV-189,41,41,Section IV,Form of Tender clause (k) State-owned enterprise declaration [select and delete the other],option_instruction,Supplier response,Form of Tender,complete_tender.html - Section IV - Form of Tender,supplier selects the applicable statement,Reviewed,
COV-190,41,42,Section IV,"Form of Tender clause (l) Commissions, gratuities, fees paid [insert or 'none']",blank,Supplier response,Form of Tender,complete_tender.html - Section IV - Form of Tender,supplier-entered disclosure present,Reviewed,
COV-191,42,42,Section IV,Form of Tender - Code of Ethics website reference [specify website],blank,Inherited,procuring_entity.contact_office,complete_tender.html - Section IV - Form of Tender,sourced from governed PE/platform data,Reviewed,
COV-192,42,42,Section IV,"Form of Tender - Tenderer name, authorised signatory name/title/signature/date",blank,Supplier response,Form of Tender,complete_tender.html - Section IV - Form of Tender,supplier-entered signatory block present,Reviewed,
COV-193,42,42,Section IV,"Form of Tender - remaining fixed declaration clauses (a,b,c,g,h,i,j,m,n,o,p,q,r,s)",form,Locked,"Section IV - Form of Tender, declaration body",complete_tender.html - Section IV - Form of Tender,"fixed wording present verbatim; supplier explicitly confirms/signs, KenTender does not preselect an answer",Reviewed,"Gate D remediation - review sweep: two issues found and fixed directly in complete_tender.html. (1) Clause (i) ""One Tender per Tenderer"" dropped the opening declaration ""We are not submitting any other Tender(s) as an individual tenderer, and"" - unambiguous source-verbatim fix, restored (line 716). (2) Clause (m) ""Binding Contract"" incorrectly read ""Letter of Award"" where it should read ""Letter of Acceptance"" (the correct GCC-defined term, used consistently elsewhere in this document at lines 444, 1095, 1110, 1541) - unambiguous fix, corrected (line 720)."
COV-194,43,43,Section IV,Certificate of Independent Tender Determination (form),form,Locked,Section IV - Certificate of Independent Tender Determination,complete_tender.html - Section IV - Certificate of Independent Tender Determination,"fixed wording present; Tenderer/Tender identity prefilled, supplier discloses and signs",Reviewed,
COV-195,43,43,Section IV,Certificate of Independent Tender Determination - Procuring Entity/Tender/Tenderer name blanks,blank,Inherited,procuring_entity.name; tender.title; tender.reference,complete_tender.html - Section IV - Certificate of Independent Tender Determination,"prefilled, matches Tender identity",Reviewed,
COV-196,43,43,Section IV,Certificate of Independent Tender Determination clause 5 - disclosure [check one],option_instruction,Supplier response,Certificate of Independent Tender Determination,complete_tender.html - Section IV - Certificate of Independent Tender Determination,supplier selects the applicable disclosure,Reviewed,
COV-197,44,44,Section IV,Certificate of Independent Tender Determination - Name/Title/Date signature block,blank,Supplier response,Certificate of Independent Tender Determination,complete_tender.html - Section IV - Certificate of Independent Tender Determination,supplier-entered signatory block present,Reviewed,"Gate D remediation - review sweep: dropped signature field found. Source Certificate of Independent Tender Determination signature block has three separate blank fields (Name, Title, Date); complete_tender.html rendered only Name and Date, omitting the standalone Title field. Unambiguous, low-risk fix - ""Title: ___"" line inserted between the Name and Date lines (complete_tender.html, after former line 772)."
COV-198,44,44,Section IV,Self-Declaration Forms (heading),heading,Locked,Section IV - Self-Declaration Forms heading,complete_tender.html - Section IV - Self-Declaration Forms,"present verbatim, unedited",Reviewed,
COV-199,44,44,Section IV,FORM SD1 - Self-declaration that person/Tenderer is not debarred,form,Locked,Section IV - Form SD1,complete_tender.html - Section IV - Form SD1,"fixed wording present; Tenderer/Tender identity prefilled, supplier signs",Reviewed,
COV-200,44,44,Section IV,FORM SD1 - deponent name/company/Tender No./title/PE name blanks,blank,Inherited,procuring_entity.name; tender.title; tender.reference,complete_tender.html - Section IV - Form SD1,"prefilled, matches Tender identity",Reviewed,
COV-201,44,44,Section IV,FORM SD1 - Title/Signature/Date and Bidder Official Stamp block,blank,Supplier response,Form SD1,complete_tender.html - Section IV - Form SD1,supplier-entered signatory block present,Reviewed,
COV-202,44,45,Section IV,FORM SD2 - Self-declaration that person/Tenderer will not engage in corrupt or fraudulent practice,form,Locked,Section IV - Form SD2,complete_tender.html - Section IV - Form SD2,"fixed wording present; Tenderer/Tender identity prefilled, supplier signs",Reviewed,
COV-203,45,45,Section IV,FORM SD2 - deponent name/company/Tender No./title/PE name blanks,blank,Inherited,procuring_entity.name; tender.title; tender.reference,complete_tender.html - Section IV - Form SD2,"prefilled, matches Tender identity",Reviewed,
COV-204,45,46,Section IV,Declaration and Commitment to the Code of Ethics (form),form,Locked,Section IV - Declaration and Commitment to the Code of Ethics,complete_tender.html - Section IV - Code of Ethics Declaration,fixed wording present; supplier signs and commits,Reviewed,
COV-205,45,46,Section IV,Code of Ethics declaration - signatory name/position/address/firm/date/witness blanks,blank,Supplier response,Declaration and Commitment to the Code of Ethics,complete_tender.html - Section IV - Code of Ethics Declaration,supplier-entered signatory and witness block present,Reviewed,
COV-206,46,48,Section IV,"Appendix 1 - Fraud and Corruption (fixed legal text, not to be modified)",form,Locked,Section IV - Appendix 1: Fraud and Corruption,complete_tender.html - Section IV - Appendix 1,"present verbatim, unedited (source states 'Appendix 1 shall not be modified')",Reviewed,"Gate D remediation - review sweep: Appendix 1 (Fraud and Corruption) ""obstructive practice"" definition dropped the trailing cross-reference ""provided for under paragraph 2.3 e. below."" Unambiguous, low-risk, source-verbatim fix - restored directly in complete_tender.html."
COV-207,49,49,Section IV,Tenderer Information Form (heading and instructions),form,Locked,Section IV - Tenderer Information Form,complete_tender.html - Section IV - Tenderer Information Form,"fixed wording present; Tender identity prefilled, supplier completes",Reviewed,
COV-208,49,49,Section IV,Tenderer Information Form - Date/Tender Name/Alternative No. blanks,blank,Inherited,tender.title; tender.reference,complete_tender.html - Section IV - Tenderer Information Form,"prefilled, matches Tender identity",Reviewed,
COV-209,49,49,Section IV,Tenderer Information Form - Alternative No. [if this is a Tender for an alternative],option_instruction,Not used by this released pattern,,N/A - clause not rendered,N/A - clause not rendered,Reviewed,STD-TPL-001 S6: 'Alternative Tenders | Not permitted in this first pattern.'
COV-210,49,49,Section IV,"Tenderer Information Form - items 1-7 (name, JV members, registration, address, representative, attached documents)",blank,Supplier response,Tenderer Information Form,complete_tender.html - Section IV - Tenderer Information Form,supplier-entered identity and document checklist present,Reviewed,"Gate D remediation - review sweep: Tenderer Information Form item 7 lost its source ITT clause cross-references (ITT 3.14/3.4/3.1/4.6), and source item 8 (""organizational chart and list of Board of Directors"") is missing from the rendered table entirely (only items 1-7 rendered). See open_issues.md Gate D remediation - review sweep findings, item 42. Resolved 2026-08-28 (Gate D second-round decision): Fully restored per product-owner decision (#42): ITT cross-references (3.14, 3.4, 3.1, 4.6 i-iii) reinstated in item 7; item 8 (organizational chart and Board of Directors list) added."
COV-211,49,49,Section IV,Tenderer Information Form - JV member details (item 2),blank,Supplier response,,"complete_tender.html - Tenderer Information Form, item 2",supplier-completed blank present,Reviewed,"STD-TPL-001 S9.2: 'joint-venture information only when permitted and used.' No approved JV decision exists in S7/S13 for this release, so the JV-member sub-field is not an active input; the form field itself remains printed as Locked wording pending a future JV-enabled release. Resolved 2026-08-28 (Gate D second-round decision): JV member details reinstated as an active supplier-response field (#38), consistent with including the JV Members Information Form."
COV-212,50,52,Section IV,"Tenderer's Eligibility - Confidential Business Questionnaire Form (heading, instructions, table A)",form,Locked,Section IV - Tenderer's Eligibility Confidential Business Questionnaire Form,complete_tender.html - Section IV - Confidential Business Questionnaire Form,"fixed wording present; Tender identity prefilled, supplier completes",Reviewed,
COV-213,50,50,Section IV,"Confidential Business Questionnaire - Table A items 1,4,5 (PE name, Tender reference, opening date/time)",blank,Inherited,procuring_entity.name; tender.reference; tender.opening_datetime,complete_tender.html - Section IV - Confidential Business Questionnaire Form,"prefilled, matches Tender identity",Reviewed,
COV-214,50,52,Section IV,"Confidential Business Questionnaire - Table A items 2,3,6,7 and Sole Proprietor/Partnership/Registered Company detail blocks",blank,Supplier response,Confidential Business Questionnaire Form,complete_tender.html - Section IV - Confidential Business Questionnaire Form,supplier-entered business structure details present,Reviewed,"Gate D remediation - review sweep: source provides repeatable multi-row tables for Partnership (multiple Partners) and Registered Company (multiple Directors) details in the CBQ form; the render collapses each into a single inline blank line, losing the ability to list more than one partner/director. See open_issues.md Gate D remediation - review sweep findings, item 43. Resolved 2026-08-28 (Gate D second-round decision): Restored repeatable static table rows (3 rows each) for Partnership and Registered Company Director detail, matching the official layout, per product-owner decision (#43). No Jinja loop or new insertion key used - static blank rows only."
COV-215,50,52,Section IV,Confidential Business Questionnaire - (e) Disclosure of Interest / Conflict of interest table (items 1-9),table,Supplier response,Confidential Business Questionnaire Form,complete_tender.html - Section IV - Confidential Business Questionnaire Form,supplier-entered conflict-of-interest disclosure present,Reviewed,
COV-216,52,52,Section IV,Confidential Business Questionnaire - (f) Certification name/title/signature/date,blank,Supplier response,Confidential Business Questionnaire Form,complete_tender.html - Section IV - Confidential Business Questionnaire Form,supplier-entered certification present,Reviewed,
COV-217,53,54,Section IV,Tenderer's JV Members Information Form,form,Supplier response,,complete_tender.html - Tenderer's JV Members Information Form (full form),"form present, all fields blank supplier-response",Reviewed,"STD-TPL-001 S9.2: 'joint-venture information only when permitted and used.' No JV decision is authorised in S7/S13 for this release, so this form is not part of the Version 1.0 supplier package; it remains a reviewed but inactive form for a future JV-enabled release. Resolved 2026-08-28 (Gate D second-round decision): Form included per product-owner decision (#38) - Version 1.0 places no cap on JV membership, so the form supporting JV member disclosure is retained rather than excluded. forms_register.csv FORM-JV changed to included=TRUE."
COV-218,55,55,Section IV,Price Schedule Forms (heading and instructions),heading,Locked,Section IV - Price Schedule Forms heading and instructions,complete_tender.html - Section IV - Price Schedule Forms,"present verbatim, unedited",Reviewed,
COV-219,56,56,Section IV,"Price Schedule: Goods Manufactured Outside Kenya, to be Imported (Group C)",table,Not used by this released pattern,,N/A - variant not included,N/A - variant not included,Reviewed,"STD-TPL-001 S8.3 defines a single supplier price row structure generated from Task 2 (item identity, quantity, unit price, line total, subtotal, tax rows, Tender total); it does not model the Margin-of-Preference Group A/B/C import/EXW price-schedule variants, and S6 leaves margin of preference/reservation unapproved for Version 1.0. Resolved 2026-08-28 (Gate D second-round decision): Not used as a SEPARATE form (#41) - its distinguishing content (CIP pricing, inland transportation for imported goods) is merged into the single unified Price Schedule - Goods table in complete_tender.html, which now carries an Import status column and applicable duty/tax/local-content columns per line item, rather than three separate officer-selectable schedules."
COV-220,57,57,Section IV,"Price Schedule: Goods Manufactured Outside Kenya, already imported (Group C)",table,Not used by this released pattern,,N/A - variant not included,N/A - variant not included,Reviewed,"Same basis as the 'to be Imported' variant above: STD-TPL-001 S8.3 uses one generated price-row structure, not the Group A/B/C import-history variant. Resolved 2026-08-28 (Gate D second-round decision): Not used as a SEPARATE form (#41) - its distinguishing content (customs duties/import taxes paid, unit price net of duties) is merged into the single unified Price Schedule - Goods table in complete_tender.html. See COV-219."
COV-221,58,58,Section IV,Price Schedule: Goods Manufactured in Kenya (Group A and B),table,Generated,goods (Task 2 rows); price.unit_price (supplier response); price.line_total; price.subtotal; price.tax_rows; price.tender_total,complete_tender.html - Section IV - Price Schedule (Goods),"one row per goods item, generated columns reconcile with Task 2 and Task 3 per STD-TPL-001 S8.3",Reviewed,"STD-TPL-001 S8.3 selects one generated Price Schedule structure for this release; the Group A/B 'Manufactured in Kenya' layout is the closest official variant and is adapted to the fixed one-currency, no-margin-of-preference treatment (S6)."
COV-222,58,58,Section IV,Price and Completion Schedule - Related Services,table,Generated,related_services (Task 2 rows); price.unit_price; price.line_total,complete_tender.html - Section IV - Price and Completion Schedule (Related Services),rendered only when the authorised need includes related services (S8.2); reconciles with the goods/services rows,Reviewed,
COV-223,56,58,Section IV,Price Schedule forms - Tenderer name/signature/date footer,blank,Supplier response,Price Schedule Forms,complete_tender.html - Section IV - Price Schedule Forms,supplier-entered signatory block present,Reviewed,
COV-224,59,59,Section IV,FORM OF TENDER SECURITY [Option 1 - Demand Bank Guarantee],form,Locked,,"Section IV Tendering Forms - Form of Tender Security, Option 1 (Demand Bank Guarantee)",form published unconditionally alongside the Insurance Guarantee form (COV-226); not an officer or template selection,Reviewed,"Resolved 2026-08-28 (product owner): per ITT 18.3 (source page 21), a Tender Security may legally be furnished as cash, a bank guarantee, an insurance-company guarantee, a letter of credit, or a guarantee by a deposit-taking micro-finance institution/Sacco/YEDF/WEF, at the Tenderer's option. Choice of instrument is the supplier's, not a Procurement Officer or template release choice, so this is not a S6 'select the permitted variant' decision. Both published forms (Demand Bank Guarantee and Insurance Guarantee) are retained as Locked, always-published forms; treatment changed from Officer value."
COV-225,59,59,Section IV,Form of Tender Security [Option 1] - Applicant/Beneficiary/amount/guarantee-No. blanks,blank,Generated,tender.reference; tender.tender_security.currency; tender.tender_security.amount; tender.tender_security.bank_guarantee_expiry_date,complete_tender.html - Section IV - Form of Tender Security (Demand Bank Guarantee),"amount/currency match Task 1; expiry uses the guarantee-specific computed date (validity_date + 30 days), not the raw validity date",Reviewed,"Supplier (via their bank) completes Applicant identity and guarantee number; Tender-set values (reference, currency, amount, expiry date) are Generated and pre-filled for the supplier's bank to use. Row kept at Generated for the pre-filled Tender-set fields; the blank itself is completed by the supplier's issuing bank at submission. Gate E item 46 (2026-08-28): owner_key corrected from tender.validity_date to the dedicated tender.tender_security.bank_guarantee_expiry_date Generated key, since the guarantee expires 30 days after validity_date, not on validity_date itself."
COV-226,60,61,Section IV,FORM OF TENDER SECURITY [Option 2 - Insurance Guarantee],form,Locked,,"Section IV Tendering Forms - Form of Tender Security, Option 2 (Insurance Guarantee)",form published unconditionally alongside the Demand Bank Guarantee form (COV-224); not an officer or template selection,Reviewed,"Resolved 2026-08-28 (product owner), reversing the earlier Pass-2 default: this is not an unused competing form under S6. ITT 18.3 (source page 21) lists five legally permitted Tender Security instruments (cash, bank guarantee, insurance-company guarantee, letter of credit, deposit-taking micro-finance/Sacco/YEDF/WEF guarantee) at the Tenderer's option, not the Procuring Entity's. Both published Section IV forms (Demand Bank Guarantee and Insurance Guarantee) are retained as active, Locked, always-published forms."
COV-227,61,62,Section IV,FORM OF TENDER-SECURING DECLARATION,form,Not used by this released pattern,,complete_tender.html - Section IV - Form of Tender-Securing Declaration,included only when the officer's Task 1 security treatment selects Tender-Securing Declaration rather than a Tender Security,Reviewed,"Resolved 2026-08-28 (product owner): Version 1.0 uses a Tender Security (KEBS fixture S13 specifies a monetary amount, KES 300,000), not a Tender-Securing Declaration. Per S6 'Official form variants... do not publish unused competing forms as active choices', the Tender-Securing Declaration form is an inactive variant and is excluded from complete_tender.html."
COV-228,61,62,Section IV,Tender-Securing Declaration - Tender No./Purchaser name/suspension period blanks,blank,Not used by this released pattern,,complete_tender.html - Section IV - Form of Tender-Securing Declaration,"prefilled, matches Tender identity",Reviewed,"Resolved 2026-08-28 (product owner): inactive because Version 1.0 uses a Tender Security, not a Tender-Securing Declaration (see COV-227). These blanks are part of the excluded form."
COV-229,62,62,Section IV,Tender-Securing Declaration - suspension period [insert number of months or years],blank,Not used by this released pattern,,complete_tender.html - Section IV - Form of Tender-Securing Declaration,N/A - form excluded,Reviewed,"Resolved 2026-08-28 (product owner): Version 1.0 uses a Tender Security, not a Tender-Securing Declaration, so this form (and its suspension-period blank) is an inactive variant per S6 and is excluded. Never to be made an officer-entered value; if a future release supports the Declaration path instead, the suspension period must be locked into that template version by the procurement/legal reviewer, not entered per Tender."
COV-230,62,63,Section IV,MANUFACTURER'S AUTHORIZATION FORM,form,Officer value,submission.manufacturer_authorisation_required,complete_tender.html - Section IV - Manufacturer's Authorization Form,"included only when Task 4 'Manufacturer authorisation required' is set (S7.2, S9.3)",Reviewed,
COV-231,63,63,Section IV,Manufacturer's Authorization Form - ITT No./Alternative No./PE name blanks,blank,Inherited,tender.reference; procuring_entity.name,complete_tender.html - Section IV - Manufacturer's Authorization Form,"prefilled, matches Tender identity",Reviewed,
COV-232,63,63,Section IV,Manufacturer's Authorization Form - Alternative No. [if this is a Tender for an alternative],option_instruction,Not used by this released pattern,,N/A - clause not rendered,N/A - clause not rendered,Reviewed,STD-TPL-001 S6: 'Alternative Tenders | Not permitted in this first pattern.'
COV-233,63,63,Section IV,Manufacturer's Authorization Form - manufacturer name/goods/factory address/signature blanks,blank,Supplier response,Manufacturer's Authorization Form,complete_tender.html - Section IV - Manufacturer's Authorization Form,supplier/manufacturer-entered identity and signature present,Reviewed,
COV-234,66,66,Section V,Part 2: Supply Requirements / Section V - Schedule of Requirements (heading),heading,Locked,"Section V heading, unmodified",complete_tender.html - Section V heading,"present verbatim, unedited",Reviewed,
COV-235,66,66,Section V,Notes for Preparing the Schedule of Requirements (preparer guidance),preparer_instruction,Not used by this released pattern,,"Excluded from complete_tender.html (guidance to the document preparer, not Tenderer-facing content)",N/A - page is discarded during curation,Reviewed,"Consistent with Guideline 6 (source page 5) treatment of preparer-facing notes; this note explains how to prepare S1 (below), which is itself rendered as Generated goods rows rather than free-form guidance text."
COV-236,67,67,Section V.1,List of Goods and Delivery Schedule (table),table,Generated,"goods[] (item_number, description, quantity, unit, destination, latest_delivery_date, minimum_warranty - officer per S8.1; offered_delivery_date - supplier response)",complete_tender.html - Section V.1 - Goods schedule,one row per authorised goods line; total quantity reconciles with the Requisition; latest delivery date not later than the authorised date,Reviewed,
COV-237,68,68,Section V.2,List of Related Services and Completion Schedule (table),table,Generated,"related_services[] (service_number - generated; description, quantity, unit, place_of_performance, completion_date - officer per S8.2; supplier price - supplier response)",complete_tender.html - Section V.2 - Related services schedule,rendered only when the authorised need includes installation/testing/configuration/training (S8.2); each row within the authorised delivery boundary,Reviewed,
COV-238,68,69,Section V.3,Technical Specifications - preparer guidance (3.1-3.4),preparer_instruction,Not used by this released pattern,,"Excluded from complete_tender.html (guidance to the PE on drafting a full TS, superseded by the controlled document treatment)",N/A - guidance not rendered,Reviewed,"STD-TPL-001 S8.4 fixes the technical specification to one approved, controlled PDF (component-by-component drafting guidance is not re-implemented as officer fields): 'KenTender does not require the officer to retype its component-by-component content.'"
COV-239,69,69,Section V.3.5,Summary of Technical Specifications table (Item No / Name / TS and Standards) and detailed TS free text,table,Governed document,technical_specification.title; technical_specification.version; technical_specification.approval_date; technical_specification.publication_filename; technical_specification.file_digest,complete_tender.html - Section V - Technical Specification cover sheet,"file exists, Approved status, approval date and digest recorded, readable PDF (STD-TPL-001 S8.4 items 2-3, S16 'Technical document' gate)",Reviewed,
COV-240,69,69,Section V.4,Drawings - inclusion statement [insert 'the following' or 'no'] and List of Drawings table,option_instruction,Not used by this released pattern,,N/A - clause not rendered,N/A - clause not rendered,Reviewed,"STD-TPL-001 S2 binding decision limits the first template to 'Laptops, desktops, tablets, peripherals and closely related delivery services' with the technical specification handled as one controlled PDF (S8.4); no separate engineering-drawings register is an approved Version 1.0 value."
COV-241,69,69,V.4 / V.5,Inspections and Tests [insert list of inspections and tests],blank,Officer value,contract.inspection_acceptance_office,complete_tender.html - Section V.4 Drawings (Not applicable) and V.5 Inspections and Tests,present in Task 5; STD-TPL-001 S10 'Inspection and tests | Approved technical specification and officer acceptance location',Reviewed,"Gate D remediation - review sweep: register's render_location states ""Section V.5 - Inspections and Tests"" but the actual rendered heading is ""V.4 Inspections and Tests"" (source numbers this section 5, following an excluded V.4 Drawings section that this document deliberately omits per S2). Internally self-consistent (no dangling ""V.5"" cross-references found) but a real mismatch between register metadata and rendered numbering. See open_issues.md Gate D remediation - review sweep findings, item 44. Resolved 2026-08-28 (Gate D second-round decision): Source numbering preserved per product-owner decision (#44): V.4 Drawings rendered as 'Not applicable for this Tender', followed by V.5 Inspections and Tests (renumbered from the interim V.4)."
COV-242,86,86,Section VII,"Section VII - Special Conditions of Contract (heading and lead-in note, incl. duplicated heading/lead-in on source pages 86)",heading,Generated,scc.* (rendered as a whole from S7 officer/generated values and S10 fixed release choices),complete_tender.html - Section VII heading,"every SCC row below is resolved, none left blank",Reviewed,
COV-243,86,86,Section VII,"SCC preparer instruction: 'select/insert appropriate wording using samples, delete italics'",preparer_instruction,Locked,Section VII heading area (instruction removed from rendered output once resolved),complete_tender.html - Section VII heading,no bracketed drafting instruction remains in the rendered output (STD-TPL-001 S11 'no [insert ...] instructions'),Reviewed,
COV-244,86,88,Section VII,SCC row - GCC 1.1(h): Procuring Entity legal name,blank,Inherited,procuring_entity.name,complete_tender.html - Section VII - Special Conditions of Contract,present in governed PE data,Reviewed,
COV-245,86,88,Section VII,SCC row - GCC 4.2(a): Trade terms / Incoterms edition wording,blank,Locked,Section VII - fixed released Incoterms treatment,complete_tender.html - Section VII - Special Conditions of Contract,present verbatim per the released release choice,Reviewed,
COV-246,86,88,Section VII,SCC row - GCC 4.2(b): Incoterms edition (INCOTERMS 2015),blank,Locked,Section VII - fixed released Incoterms treatment,complete_tender.html - Section VII - Special Conditions of Contract,present verbatim per the released release choice,Reviewed,
COV-247,86,88,Section VII,SCC row - GCC 8.1: Procuring Entity notice address (attention/postal/physical/telephone/email),blank,Inherited,procuring_entity.contact_office,complete_tender.html - Section VII - Special Conditions of Contract,"sourced from governed PE/platform data, not free text",Reviewed,
COV-248,86,88,Section VII,SCC row - GCC 10.4.2: Place of arbitration (city and country),blank,Not used by this released pattern,,complete_tender.html - Section VII - Special Conditions of Contract,N/A - clause not rendered,Reviewed,STD-TPL-001 S10 does not name a separate arbitration-venue officer value; this narrow release relies on the fixed GCC dispute-resolution clause (GCC 10) without a PE-specific arbitration seat.
COV-249,86,88,Section VII,SCC row - GCC 13.1: Shipping and other documents required from the Supplier,blank,Locked,,"complete_tender.html - SCC GCC 13.1, fixed Version 1.0 wording",fixed text present verbatim; no officer field,Reviewed,"Resolved 2026-08-28 (Gate C): renders as Locked fixed Version 1.0 wording, not an officer field. STD-TPL-001 v0.3 S7.2's Task 5 list does not include shipping/delivery documents. Any item-specific requirement belongs in the approved technical specification or goods schedule instead."
COV-250,86,88,Section VII,"SCC row - GCC 15.1: Prices shall/shall not be adjustable, and adjustment method if adjustable",blank,Not used by this released pattern,,complete_tender.html - Section VII - Special Conditions of Contract,N/A - clause not rendered,Reviewed,STD-TPL-001 S6/S10: 'Price adjustment | Prices fixed in this first pattern.' Rendered fixed to 'shall not be adjustable' with no adjustment formula.
COV-251,86,88,Section VII,"SCC row - GCC 16.1: Payment method and conditions (advance/shipment/delivery/acceptance percentages, foreign vs local currency portions)",blank,Officer value,contract.payment_days; contract.payment_terms,complete_tender.html - Section VII - Special Conditions of Contract,"Officer selects only among released, non-advance payment-timing options; no advance-payment percentage field is offered",Reviewed,"Resolved 2026-08-28 (product owner): advance payment is fixed at 0% for Version 1.0 (release decision, not an officer choice). The rendered SCC row must state the approved payment rule only - payment after delivery, inspection, acceptance and receipt of a valid invoice - and must not present an advance-payment percentage as an option. Officer value scope is narrowed to payment timing/percentage split across delivery vs. acceptance, if any, not advance payment."
COV-252,86,88,Section VII,SCC row - GCC 16.5: Payment-delay interest period and rate,blank,Not used by this released pattern,,complete_tender.html - Section VII - Special Conditions of Contract,N/A - clause not rendered,Reviewed,STD-TPL-001 S7.2/S10 name only 'Payment timing' as the officer-selected payment value; a separate delay-interest rate is not an approved Version 1.0 field.
COV-253,86,88,Section VII,"SCC row - GCC 18.1: Performance Security shall/shall not be required, amount",blank,Officer value,contract.performance_security.required; contract.performance_security.percentage,complete_tender.html - Section VII - Special Conditions of Contract,present in Task 5; STD-TPL-001 S7.2/S10 'Performance security | Officer selection and percentage within the released choices'; S13 fixture: 10% of Contract Price,Reviewed,
COV-254,86,88,Section VII,SCC row - GCC 18.3: Performance Security form (Demand Guarantee or Performance Bond) and currency,blank,Officer value,contract.performance_security.form_variant,complete_tender.html - Section VII - Special Conditions of Contract,selected once per S6 'Official form variants | Select the permitted ... performance security ... form variants; do not publish unused competing forms as active choices',Reviewed,
COV-255,86,88,Section VII,"SCC row - GCC 18.4: Discharge date of the Performance Security, if different from GCC 18.4",blank,Not used by this released pattern,,complete_tender.html - Section VII - Special Conditions of Contract,N/A - clause not rendered,Reviewed,Not named in STD-TPL-001 S7/S10; the release uses the fixed GCC 18.4 discharge rule without a PE override.
COV-256,86,88,Section VII,"SCC row - GCC 23.2: Packing, marking and documentation detail",blank,Locked,,"complete_tender.html - SCC GCC 23.2, fixed Version 1.0 wording",fixed text present verbatim; no officer field,Reviewed,"Resolved 2026-08-28 (Gate C): renders as Locked fixed Version 1.0 wording, not an officer field. STD-TPL-001 v0.3 S7.2's Task 5 list does not include packing/marking detail. Any item-specific requirement belongs in the approved technical specification or goods schedule instead."
COV-257,86,88,Section VII,"SCC row - GCC 24.1: Insurance coverage, if not per Incoterms",blank,Locked,Section VII - fixed Incoterms/release treatment,complete_tender.html - Section VII - Special Conditions of Contract,STD-TPL-001 S10 'Insurance and transport | Fixed Incoterms/release treatment',Reviewed,
COV-258,86,88,Section VII,"SCC row - GCC 25.1: Transportation responsibility, if not per Incoterms",blank,Locked,Section VII - fixed Incoterms/release treatment,complete_tender.html - Section VII - Special Conditions of Contract,STD-TPL-001 S10 'Insurance and transport | Fixed Incoterms/release treatment',Reviewed,
COV-259,86,88,Section VII,SCC row - GCC 25.2: Incidental services to be provided,blank,Generated,related_services,complete_tender.html - Section VII - Special Conditions of Contract,"carried from the Task 2 related-services rows, when applicable (S8.2)",Reviewed,
COV-260,86,88,Section VII,"SCC row - GCC 26.1: Nature, frequency and procedures of inspections and tests",blank,Officer value,contract.inspection_acceptance_office,complete_tender.html - Section VII - Special Conditions of Contract,STD-TPL-001 S10 'Inspection and tests | Approved technical specification and officer acceptance location',Reviewed,
COV-261,86,88,Section VII,SCC row - GCC 26.2: Location(s) where inspections and tests are conducted,blank,Officer value,contract.inspection_acceptance_office,complete_tender.html - Section VII - Special Conditions of Contract,present in Task 5,Reviewed,
COV-262,86,88,Section VII,SCC row - GCC 27.1: Liquidated (delay) damages rate per week,blank,Officer value,contract.delay_damages.rate_per_week,complete_tender.html - Section VII - Special Conditions of Contract,present in Task 5; S13 fixture: 0.5% per week,Reviewed,
COV-263,86,88,Section VII,SCC row - GCC 27.1: Maximum amount of liquidated damages (cap),blank,Officer value,contract.delay_damages.cap_percent,complete_tender.html - Section VII - Special Conditions of Contract,present in Task 5; S13 fixture: capped at 10%,Reviewed,
COV-264,86,88,Section VII,SCC row - GCC 28.3: Warranty validity period (days) and place(s) of final destination for warranty purposes,blank,Generated,goods (minimum_warranty per row),complete_tender.html - Section VII - Special Conditions of Contract,carried from the Task 2 goods rows; STD-TPL-001 S10 'Warranty and replacement period | Goods rows plus released SCC wording',Reviewed,
COV-265,86,88,Section VII,"SCC row - GCC 28.3: Sample alternative warranty provision (hours of operation / months from acceptance, remedy options)",blank,Not used by this released pattern,,complete_tender.html - Section VII - Special Conditions of Contract,N/A - clause not rendered,Reviewed,"This is an alternative 'Sample provision' wording block offered by the source for a different warranty structure; STD-TPL-001 S8.1 fixes minimum warranty as a single officer value per goods row, so the alternative hours-of-operation structure is not used."
COV-266,86,88,Section VII,"SCC row - GCC 28.5, GCC 28.6: Period for repair or replacement (days)",blank,Generated,goods (minimum_warranty per row) / contract.delay_damages,complete_tender.html - Section VII - Special Conditions of Contract,derived from the released warranty and delay-damages treatment; not a separate officer-entered value in S7,Reviewed,
COV-267,86,88,Section VII,SCC row - GCC 33.6: Value engineering proposal payment percentage,blank,Not used by this released pattern,,complete_tender.html - Section VII - Special Conditions of Contract,N/A - clause not rendered,Reviewed,Not named in STD-TPL-001 S7/S10; value-engineering change-order provisions are outside the scope of this narrow first release.
COV-268,89,89,Section VIII,Section VIII - Contract Forms (heading and lead-in note),heading,Locked,"Section VIII heading, unmodified",complete_tender.html - Section VIII heading,"present verbatim, unedited",Reviewed,"Gate D remediation - review sweep: Section VIII heading was missing its mandatory lead-in paragraph (""This Section contains forms which, once completed, will form part of the Contract..."") entirely. readiness_check claimed ""present verbatim, unedited"" - false as rendered. Unambiguous, low-risk, source-verbatim fix - restored directly in complete_tender.html."
COV-269,89,91,Section VIII,FORM No. 1: NOTIFICATION OF INTENTION TO AWARD,form,Award-derived,award.notification_of_intention.*,complete_tender.html - Section VIII - Form No. 1,"populated only at award stage, from the award decision",Reviewed,
COV-270,89,89,Section VIII,Notification of Intention to Award - Tenderer's Authorized Representative identity blanks,blank,Award-derived,award.tenderer.authorized_representative,complete_tender.html - Section VIII - Form No. 1,populated only at award stage,Reviewed,
COV-271,89,90,Section VIII,Notification of Intention to Award - Employer/Project/Contract title/Country/ITT No. blanks,blank,Inherited,procuring_entity.name; tender.title; tender.reference,complete_tender.html - Section VIII - Form No. 1,"prefilled, matches Tender identity",Reviewed,
COV-272,90,90,Section VIII,Notification of Intention to Award - successful tenderer name/address/contract price and other-tenderers price table,table,Award-derived,award.successful_tenderer.*; award.other_tenderers[],complete_tender.html - Section VIII - Form No. 1,"populated only at award stage, from the evaluation and award decision",Reviewed,
COV-273,90,91,Section VIII,Notification of Intention to Award - debriefing/complaint deadlines and Standstill Period dates,blank,Generated,award.standstill_period.*,complete_tender.html - Section VIII - Form No. 1,derived from the fixed Standstill Period rule and the transmission date,Reviewed,"Gate D remediation - review sweep: confirmed complete after this sweep's own restoration of the debriefing/complaint content (see COV coverage rows in the 269-274 range and open_issues.md items 32/34) - full debriefing/complaint/Standstill paragraph now covers all source sub-items. Also confirmed the render correctly resolves two internal inconsistencies present in the source itself (source page 91's ""three (5)""/""five (3)"" Business Day mismatch, and source page 92's ""ten (14)"" Standstill Period mismatch) in favour of the legally-consistent reading (3/5 Business Days, fourteen (14) Days)."
COV-274,91,91,Section VIII,Notification of Intention to Award - Employer signature block,blank,Inherited,procuring_entity.contact_office,complete_tender.html - Section VIII - Form No. 1,sourced from governed PE/platform data,Reviewed,"Gate D remediation - review sweep: dropped signature fields found. Form No.1's closing ""On behalf of the Procuring Entity"" signature block was missing the Telephone and Email fields present in source (source has 5 fields: Signature/Name/Title-position/Telephone/Email; only 3 were rendered). Unambiguous, low-risk, source-verbatim fix - Telephone and Email fields restored directly in complete_tender.html."
COV-275,92,92,Section VIII,FORM No. 2: REQUEST FOR REVIEW (Public Procurement Administrative Review Board form),form,Locked,Section VIII - Form No. 2,complete_tender.html - Section VIII - Form No. 2,fixed statutory wording present verbatim; completed only by an aggrieved Tenderer outside KenTender's Tender Preparation flow,Reviewed,
COV-276,93,93,Section VIII,FORM No. 3 - LETTER OF AWARD,form,Award-derived,award.*; contract.price,complete_tender.html - Section VIII - Form No. 3,"populated only at award stage, from the award decision",Reviewed,
COV-277,93,93,Section VIII,"Letter of Award - Supplier name/address, contract No., accepted amount blanks",blank,Award-derived,award.supplier.name; award.supplier.address; contract.price,complete_tender.html - Section VIII - Form No. 3,populated only at award stage,Reviewed,
COV-278,94,95,Section VIII,FORM NO. 4 - CONTRACT AGREEMENT,form,Award-derived,contract.agreement.*,complete_tender.html - Section VIII - Form No. 4,populated only at award/contract-formation stage,Reviewed,
COV-279,94,95,Section VIII,"Contract Agreement - date, Procuring Entity/Supplier identity and address, signatures blanks",blank,Award-derived,contract.agreement.date; award.supplier.name; award.supplier.address,complete_tender.html - Section VIII - Form No. 4,populated only at award/contract-formation stage,Reviewed,
COV-280,96,97,Section VIII,FORM No. 5 - PERFORMANCE SECURITY [Option 1 - Unconditional Demand Bank Guarantee],form,Officer value,contract.performance_security.form_variant,complete_tender.html - Section VIII - Form No. 5,selected variant per S6/GCC 18.3; blanks populated only at contract-formation stage,Reviewed,
COV-281,96,97,Section VIII,Performance Security (Option 1) - Beneficiary/amount/expiry blanks,blank,Award-derived,contract.performance_security.amount; contract.price; contract.agreement.date,complete_tender.html - Section VIII - Form No. 5,populated only at award/contract-formation stage,Reviewed,"Gate D remediation - review sweep: Form No.5's Beneficiary field renders only {{ procuring_entity.name }}, but source requires ""Beneficiary: [insert name and Address of Employer]"" (name AND address). The procuring_entity.address variable already exists and is used elsewhere (Form No.4). See open_issues.md Gate D remediation - review sweep findings, item 45. Resolved 2026-08-28 (Gate D second-round decision): Restored the Procuring Entity's full governed address on the Beneficiary field per product-owner decision (#45): now 'procuring_entity.name, procuring_entity.address'."
COV-282,97,98,Section VIII,FORM No. 6 - PERFORMANCE SECURITY [Option 2 - Performance Bond],form,Not used by this released pattern,,"N/A - unused competing variant, not published","N/A - unused competing variant, not published",Reviewed,"STD-TPL-001 S6: 'Official form variants | Select the permitted Tender security, performance security and other form variants; do not publish unused competing forms as active choices.' The source itself recommends the Unconditional Demand Bank Guarantee (Form No. 5) over the Performance Bond 'due to difficulties involved in calling Bond holder to action'; Form No. 5 is the selected variant."
COV-283,99,99,Section VIII,FORM NO. 7 - ADVANCE PAYMENT SECURITY [Demand Bank Guarantee],form,Not used by this released pattern,,N/A - form not included in the published package,N/A - form not included in the published package,Reviewed,Resolved 2026-08-28 (product owner): Version 1.0 does not permit advance payment. Advance payment is fixed at 0% as a release decision (not officer-selectable). Form No. 7 (Advance Payment Security) is excluded from complete_tender.html and never shown to the Procurement Officer or supplier.
COV-284,99,101,Section VIII,FORM NO. 8 BENEFICIAL OWNERSHIP DISCLOSURE FORM,form,Award-derived,award.beneficial_ownership.*,complete_tender.html - Section VIII - Form No. 8,completed only by the successful Tenderer after notification of award (S9.2 'We commit to provide ... upon receipt of notification of intention to enter into a contract'),Reviewed,
COV-285,99,99,Section VIII,Beneficial Ownership Disclosure Form - 'DELETE THIS BOX ONCE COMPLETED' instruction box,preparer_instruction,Locked,Section VIII - Form No. 8 (instruction box removed from the resolved output),complete_tender.html - Section VIII - Form No. 8,instruction box not present once the form is completed by the successful Tenderer,Reviewed,
COV-286,99,99,Section VIII,Beneficial Ownership Disclosure Form - Tender Reference/Title/PE name blanks,blank,Inherited,tender.reference; tender.title; procuring_entity.name,complete_tender.html - Section VIII - Form No. 8,"prefilled, matches Tender identity",Reviewed,
COV-287,99,100,Section VIII,Beneficial Ownership Disclosure Form - option I/II/III disclosure text and beneficial-owner details table,table,Award-derived,award.beneficial_ownership.owners[],complete_tender.html - Section VIII - Form No. 8,completed only by the successful Tenderer after award,Reviewed,
COV-288,101,101,Section VIII,Beneficial Ownership Disclosure Form - Tenderer name/signatory/date/stamp blanks,blank,Award-derived,award.beneficial_ownership.signatory,complete_tender.html - Section VIII - Form No. 8,completed only by the successful Tenderer after award,Reviewed,
COV-289,102,102,Section VIII,"PPRA address footer block (National Bank Building, Harambee Avenue)",cover_block,Not used by this released pattern,,"Excluded from complete_tender.html (this is PPRA's own publisher address on the master STD, not Tenderer-facing content)",N/A - page is discarded during curation,Reviewed,Consistent with Guideline 6 exclusion of front/back matter that identifies the PPRA STD master rather than the issued Tender.
COV-290,103,103,,Blank trailing page,cover_block,Not used by this released pattern,,N/A - no content,N/A - no content,Reviewed,Confirmed blank in the official source (visually verified all-white); consistent with open_issues.md Pass 1 item 1. No content is missing.
